# Created by FreeCAD <https://www.freecad.org>
v -50.000000 20.000000 0.000000
v -50.000000 -20.000000 0.000000
v -50.000000 20.000000 40.000000
v -50.000000 -20.000000 40.000000
v -48.117451 -23.909157 0.000000
v -46.112606 -24.874640 0.000000
v -47.169418 -24.504845 0.000000
v -49.504845 -22.169418 0.000000
v -49.874641 -21.112604 0.000000
v -48.909157 -23.117449 0.000000
v -45.000000 -25.000000 0.000000
v -49.504845 22.169418 0.000000
v -48.117451 23.909157 0.000000
v -49.874641 21.112604 0.000000
v -48.909157 23.117449 0.000000
v -47.169418 24.504845 0.000000
v -46.112606 24.874640 0.000000
v -45.000000 25.000000 0.000000
v 45.000000 -25.000000 0.000000
v 47.169418 -24.504845 0.000000
v 46.112606 -24.874640 0.000000
v 48.909157 -23.117449 0.000000
v 48.117451 -23.909157 0.000000
v 50.000000 -20.000000 0.000000
v 49.504845 -22.169418 0.000000
v 49.874641 -21.112604 0.000000
v 45.000000 25.000000 0.000000
v 50.000000 20.000000 0.000000
v 46.112606 24.874640 0.000000
v 49.504845 22.169418 0.000000
v 49.874641 21.112604 0.000000
v 47.169418 24.504845 0.000000
v 48.117451 23.909157 0.000000
v 48.909157 23.117449 0.000000
v -49.874641 21.112604 40.000000
v -49.504845 22.169418 40.000000
v -48.909157 23.117449 40.000000
v -48.117451 23.909157 40.000000
v -47.169418 24.504845 40.000000
v -46.112606 24.874640 40.000000
v -45.000000 25.000000 40.000000
v -49.874641 -21.112604 40.000000
v -49.504845 -22.169418 40.000000
v -48.909157 -23.117449 40.000000
v -48.117451 -23.909157 40.000000
v -47.169418 -24.504845 40.000000
v -46.112606 -24.874640 40.000000
v -45.000000 -25.000000 40.000000
v -46.684151 -21.492025 40.000000
v -46.278145 -21.851713 40.000000
v -46.992275 -21.045628 40.000000
v -45.797859 -22.103786 40.000000
v -47.184620 -20.538460 40.000000
v -45.271206 -22.233595 40.000000
v -47.250000 -20.000000 40.000000
v -44.728794 -22.233595 40.000000
v -47.184620 -19.461540 40.000000
v -44.202141 -22.103786 40.000000
v -46.992275 -18.954372 40.000000
v -43.721855 -21.851713 40.000000
v -46.684151 -18.507975 40.000000
v -40.000000 -22.000000 40.000000
v -43.315849 -21.492025 40.000000
v -43.007725 -21.045628 40.000000
v -47.000000 -15.000000 40.000000
v -46.278145 -18.148287 40.000000
v -45.797859 -17.896214 40.000000
v -40.106346 -20.784462 40.000000
v -42.815380 -20.538460 40.000000
v -45.784462 -15.106346 40.000000
v -45.271206 -17.766405 40.000000
v -40.422153 -19.605860 40.000000
v -42.815380 -19.461540 40.000000
v -42.750000 -20.000000 40.000000
v -44.605858 -15.422152 40.000000
v -44.728794 -17.766405 40.000000
v -43.500000 -15.937822 40.000000
v -44.202141 -17.896214 40.000000
v -40.937820 -18.500000 40.000000
v -43.007725 -18.954372 40.000000
v -41.637688 -17.500486 40.000000
v -43.315849 -18.507975 40.000000
v -42.500488 -16.637690 40.000000
v -43.721855 -18.148287 40.000000
v -47.000000 15.000000 40.000000
v -46.684151 18.507975 40.000000
v -46.278145 18.148287 40.000000
v -46.992275 18.954372 40.000000
v -45.797859 17.896214 40.000000
v -45.784462 15.106346 40.000000
v -47.184620 19.461540 40.000000
v -45.271206 17.766405 40.000000
v -44.605858 15.422152 40.000000
v -47.250000 20.000000 40.000000
v -44.728794 17.766405 40.000000
v -43.500000 15.937822 40.000000
v -47.184620 20.538460 40.000000
v -44.202141 17.896214 40.000000
v -46.992275 21.045628 40.000000
v -42.500488 16.637690 40.000000
v -43.721855 18.148287 40.000000
v -46.684151 21.492025 40.000000
v -43.315849 18.507975 40.000000
v -46.278145 21.851713 40.000000
v -41.637688 17.500486 40.000000
v -43.007725 18.954372 40.000000
v -45.797859 22.103786 40.000000
v -40.937820 18.500000 40.000000
v -42.815380 19.461540 40.000000
v -45.271206 22.233595 40.000000
v -40.422153 19.605860 40.000000
v -42.750000 20.000000 40.000000
v -42.815380 20.538460 40.000000
v -44.202141 22.103786 40.000000
v -43.721855 21.851713 40.000000
v -44.728794 22.233595 40.000000
v -40.106346 20.784462 40.000000
v -43.007725 21.045628 40.000000
v -40.000000 22.000000 40.000000
v -43.315849 21.492025 40.000000
v 40.000000 -22.000000 40.000000
v 45.000000 -25.000000 40.000000
v 43.721855 -21.851713 40.000000
v 43.315849 -21.492025 40.000000
v 43.007725 -21.045628 40.000000
v 40.106346 -20.784462 40.000000
v 44.202141 -22.103786 40.000000
v 42.815380 -20.538460 40.000000
v 40.422153 -19.605860 40.000000
v 44.728794 -22.233595 40.000000
v 42.750000 -20.000000 40.000000
v 45.271206 -22.233595 40.000000
v 46.112606 -24.874640 40.000000
v 42.815380 -19.461540 40.000000
v 40.937820 -18.500000 40.000000
v 45.797859 -22.103786 40.000000
v 47.169418 -24.504845 40.000000
v 43.007725 -18.954372 40.000000
v 41.637688 -17.500486 40.000000
v 46.278145 -21.851713 40.000000
v 48.117451 -23.909157 40.000000
v 43.315849 -18.507975 40.000000
v 46.684151 -21.492025 40.000000
v 48.909157 -23.117449 40.000000
v 42.500488 -16.637690 40.000000
v 43.721855 -18.148287 40.000000
v 46.992275 -21.045628 40.000000
v 44.202141 -17.896214 40.000000
v 49.504845 -22.169418 40.000000
v 47.184620 -20.538460 40.000000
v 43.500000 -15.937822 40.000000
v 44.728794 -17.766405 40.000000
v 49.874641 -21.112604 40.000000
v 47.250000 -20.000000 40.000000
v 44.605858 -15.422152 40.000000
v 45.271206 -17.766405 40.000000
v 50.000000 -20.000000 40.000000
v 47.184620 -19.461540 40.000000
v 46.992275 -18.954372 40.000000
v 46.684151 -18.507975 40.000000
v 45.784462 -15.106346 40.000000
v 45.797859 -17.896214 40.000000
v 47.000000 -15.000000 40.000000
v 46.278145 -18.148287 40.000000
v 43.315849 18.507975 40.000000
v 41.637688 17.500486 40.000000
v 42.500488 16.637690 40.000000
v 43.721855 18.148287 40.000000
v 43.007725 18.954372 40.000000
v 40.937820 18.500000 40.000000
v 47.000000 15.000000 40.000000
v 44.202141 17.896214 40.000000
v 43.500000 15.937822 40.000000
v 42.815380 19.461540 40.000000
v 40.422153 19.605860 40.000000
v 44.728794 17.766405 40.000000
v 44.605858 15.422152 40.000000
v 42.750000 20.000000 40.000000
v 45.271206 17.766405 40.000000
v 45.784462 15.106346 40.000000
v 42.815380 20.538460 40.000000
v 40.106346 20.784462 40.000000
v 45.797859 17.896214 40.000000
v 43.007725 21.045628 40.000000
v 40.000000 22.000000 40.000000
v 46.278145 18.148287 40.000000
v 43.315849 21.492025 40.000000
v 46.684151 18.507975 40.000000
v 43.721855 21.851713 40.000000
v 50.000000 20.000000 40.000000
v 46.992275 18.954372 40.000000
v 47.184620 19.461540 40.000000
v 47.250000 20.000000 40.000000
v 45.000000 25.000000 40.000000
v 44.728794 22.233595 40.000000
v 45.271206 22.233595 40.000000
v 44.202141 22.103786 40.000000
v 46.112606 24.874640 40.000000
v 45.797859 22.103786 40.000000
v 49.874641 21.112604 40.000000
v 47.184620 20.538460 40.000000
v 47.169418 24.504845 40.000000
v 46.278145 21.851713 40.000000
v 49.504845 22.169418 40.000000
v 46.992275 21.045628 40.000000
v 48.117451 23.909157 40.000000
v 46.684151 21.492025 40.000000
v 48.909157 23.117449 40.000000
v 32.994041 25.000000 22.652491
v 32.272259 25.000000 23.291935
v 33.541824 25.000000 21.858892
v 31.418419 25.000000 23.740065
v 33.883766 25.000000 20.957262
v 30.482147 25.000000 23.970835
v 34.000000 25.000000 20.000000
v 29.517853 25.000000 23.970835
v 28.581581 25.000000 23.740065
v 33.883766 25.000000 19.042738
v 33.541824 25.000000 18.141108
v 32.994041 25.000000 17.347509
v 32.272259 25.000000 16.708065
v 31.418419 25.000000 16.259935
v 30.482147 25.000000 16.029165
v 29.517853 25.000000 16.029165
v 28.581581 25.000000 16.259935
v 27.005957 25.000000 22.652491
v 12.272259 25.000000 23.291935
v 27.727741 25.000000 23.291935
v 12.994043 25.000000 22.652491
v 26.116232 25.000000 20.957262
v 13.541824 25.000000 21.858892
v 26.458176 25.000000 21.858892
v 11.418420 25.000000 23.740065
v 13.883767 25.000000 20.957262
v 10.482146 25.000000 23.970835
v 26.000000 25.000000 20.000000
v 14.000000 25.000000 20.000000
v 9.517854 25.000000 23.970835
v 26.116232 25.000000 19.042738
v 13.883767 25.000000 19.042738
v 26.458176 25.000000 18.141108
v 13.541824 25.000000 18.141108
v 27.005957 25.000000 17.347509
v 12.994043 25.000000 17.347509
v 27.727741 25.000000 16.708065
v 12.272259 25.000000 16.708065
v 11.418420 25.000000 16.259935
v 10.482146 25.000000 16.029165
v 9.517854 25.000000 16.029165
v 6.458176 25.000000 21.858892
v -7.005957 25.000000 22.652491
v 7.005957 25.000000 22.652491
v -7.727741 25.000000 23.291935
v 7.727741 25.000000 23.291935
v 8.581580 25.000000 23.740065
v -6.458176 25.000000 21.858892
v -8.581580 25.000000 23.740065
v -6.116233 25.000000 20.957262
v 6.116233 25.000000 20.957262
v -9.517854 25.000000 23.970835
v 6.000000 25.000000 20.000000
v -6.000000 25.000000 20.000000
v -6.116233 25.000000 19.042738
v 6.116233 25.000000 19.042738
v -6.458176 25.000000 18.141108
v 6.458176 25.000000 18.141108
v -7.005957 25.000000 17.347509
v 7.005957 25.000000 17.347509
v -7.727741 25.000000 16.708065
v 7.727741 25.000000 16.708065
v -8.581580 25.000000 16.259935
v 8.581580 25.000000 16.259935
v -9.517854 25.000000 16.029165
v -13.541824 25.000000 21.858892
v -27.005957 25.000000 22.652491
v -12.994043 25.000000 22.652491
v -27.727741 25.000000 23.291935
v -12.272259 25.000000 23.291935
v -26.458176 25.000000 21.858892
v -28.581581 25.000000 23.740065
v -11.418420 25.000000 23.740065
v -10.482146 25.000000 23.970835
v -13.883767 25.000000 20.957262
v -26.116232 25.000000 20.957262
v -29.517853 25.000000 23.970835
v -26.000000 25.000000 20.000000
v -14.000000 25.000000 20.000000
v -13.883767 25.000000 19.042738
v -30.482147 25.000000 23.970835
v -26.116232 25.000000 19.042738
v -31.418419 25.000000 23.740065
v -13.541824 25.000000 18.141108
v -26.458176 25.000000 18.141108
v -32.272259 25.000000 23.291935
v -27.005957 25.000000 17.347509
v -12.994043 25.000000 17.347509
v -32.994041 25.000000 22.652491
v -12.272259 25.000000 16.708065
v -27.727741 25.000000 16.708065
v -33.541824 25.000000 21.858892
v -11.418420 25.000000 16.259935
v -28.581581 25.000000 16.259935
v -33.883766 25.000000 20.957262
v -34.000000 25.000000 20.000000
v -29.517853 25.000000 16.029165
v -30.482147 25.000000 16.029165
v -31.418419 25.000000 16.259935
v -32.272259 25.000000 16.708065
v -32.994041 25.000000 17.347509
v -33.541824 25.000000 18.141108
v -33.883766 25.000000 19.042738
v -10.482146 25.000000 16.029165
v -10.435638 -25.000000 32.828903
v -10.210081 -25.000000 33.028728
v -10.606820 -25.000000 32.580902
v -9.943256 -25.000000 33.168770
v -10.713677 -25.000000 32.299145
v -9.650671 -25.000000 33.240887
v -10.750000 -25.000000 32.000000
v -9.349329 -25.000000 33.240887
v -10.713677 -25.000000 31.700855
v -9.650671 -25.000000 30.759113
v -7.981853 -25.000000 28.278891
v -9.349329 -25.000000 30.759113
v -9.056744 -25.000000 30.831230
v -8.789919 -25.000000 30.971270
v -10.210081 -25.000000 30.971270
v -9.102210 -25.000000 27.028498
v -9.943256 -25.000000 30.831230
v -6.691378 -25.000000 29.352833
v -8.564362 -25.000000 31.171097
v -8.393180 -25.000000 31.419096
v -8.286323 -25.000000 31.700855
v -10.606820 -25.000000 31.419096
v -10.028568 -25.000000 25.628305
v -10.435638 -25.000000 31.171097
v -8.250000 -25.000000 32.000000
v -5.258287 -25.000000 30.227434
v -8.286323 -25.000000 32.299145
v -10.741185 -25.000000 24.108154
v -3.713125 -25.000000 30.884058
v -8.393180 -25.000000 32.580902
v -8.564362 -25.000000 32.828903
v -11.224873 -25.000000 22.500446
v -2.088824 -25.000000 31.308704
v -8.789919 -25.000000 33.028728
v -11.469321 -25.000000 20.839447
v -0.420003 -25.000000 31.492329
v -9.056744 -25.000000 33.168770
v -11.469321 -25.000000 19.160553
v 1.257769 -25.000000 31.431011
v -11.224873 -25.000000 17.499554
v -10.741185 -25.000000 15.891845
v -10.028568 -25.000000 14.371695
v -9.102210 -25.000000 12.971502
v -7.981853 -25.000000 11.721110
v -6.691378 -25.000000 10.647168
v -5.258287 -25.000000 9.772565
v -3.713125 -25.000000 9.115943
v -2.088824 -25.000000 8.691295
v 5.990814 -25.000000 10.183680
v 8.564362 -25.000000 8.828903
v 7.356240 -25.000000 11.160558
v 8.789919 -25.000000 9.028729
v 8.393180 -25.000000 8.580904
v 9.056744 -25.000000 9.168770
v 8.286323 -25.000000 8.299145
v 9.349329 -25.000000 9.240886
v 8.564880 -25.000000 12.325833
v 8.250000 -25.000000 8.000000
v 4.497705 -25.000000 9.416018
v 9.650671 -25.000000 9.240886
v 8.286323 -25.000000 7.700855
v 9.943256 -25.000000 9.168770
v 9.590975 -25.000000 13.654671
v 8.393180 -25.000000 7.419096
v 2.908734 -25.000000 8.873938
v 10.210081 -25.000000 9.028729
v 8.564362 -25.000000 7.171097
v 10.435638 -25.000000 8.828903
v 10.412655 -25.000000 15.118748
v 8.789919 -25.000000 6.971270
v 1.257769 -25.000000 8.568989
v 10.606820 -25.000000 8.580904
v -0.420003 -25.000000 8.507672
v 9.056744 -25.000000 6.831230
v 10.713677 -25.000000 8.299145
v 11.012407 -25.000000 16.686861
v 11.500000 -25.000000 20.000000
v 11.377449 -25.000000 21.674414
v 11.012407 -25.000000 23.313139
v 10.412655 -25.000000 24.881252
v 9.590975 -25.000000 26.345329
v 8.564880 -25.000000 27.674166
v 7.356240 -25.000000 28.839441
v 5.990814 -25.000000 29.816320
v 4.497705 -25.000000 30.583981
v 2.908734 -25.000000 31.126062
v 11.377449 -25.000000 18.325586
v 10.750000 -25.000000 8.000000
v 9.650671 -25.000000 6.759114
v 9.943256 -25.000000 6.831230
v 10.210081 -25.000000 6.971270
v 10.435638 -25.000000 7.171097
v 10.606820 -25.000000 7.419096
v 10.713677 -25.000000 7.700855
v 9.349329 -25.000000 6.759114
v -42.750000 -20.000000 3.000000
v -42.815380 -19.461540 3.000000
v -43.007725 -18.954372 3.000000
v -43.315849 -18.507975 3.000000
v -43.721855 -18.148287 3.000000
v -44.202141 -17.896214 3.000000
v -44.728794 -17.766405 3.000000
v -45.271206 -17.766405 3.000000
v -45.797859 -17.896214 3.000000
v -46.278145 -18.148287 3.000000
v -46.684151 -18.507975 3.000000
v -46.992275 -18.954372 3.000000
v -47.184620 -19.461540 3.000000
v -47.250000 -20.000000 3.000000
v -47.184620 -20.538460 3.000000
v -46.992275 -21.045628 3.000000
v -46.684151 -21.492025 3.000000
v -46.278145 -21.851713 3.000000
v -45.797859 -22.103786 3.000000
v -45.271206 -22.233595 3.000000
v -44.728794 -22.233595 3.000000
v -44.202141 -22.103786 3.000000
v -43.721855 -21.851713 3.000000
v -43.315849 -21.492025 3.000000
v -43.007725 -21.045628 3.000000
v -42.815380 -20.538460 3.000000
v 47.250000 -20.000000 3.000000
v 47.184620 -19.461540 3.000000
v 46.992275 -18.954372 3.000000
v 46.684151 -18.507975 3.000000
v 46.278145 -18.148287 3.000000
v 45.797859 -17.896214 3.000000
v 45.271206 -17.766405 3.000000
v 44.728794 -17.766405 3.000000
v 44.202141 -17.896214 3.000000
v 43.721855 -18.148287 3.000000
v 43.315849 -18.507975 3.000000
v 43.007725 -18.954372 3.000000
v 42.815380 -19.461540 3.000000
v 42.750000 -20.000000 3.000000
v 42.815380 -20.538460 3.000000
v 43.007725 -21.045628 3.000000
v 43.315849 -21.492025 3.000000
v 43.721855 -21.851713 3.000000
v 44.202141 -22.103786 3.000000
v 44.728794 -22.233595 3.000000
v 45.271206 -22.233595 3.000000
v 45.797859 -22.103786 3.000000
v 46.278145 -21.851713 3.000000
v 46.684151 -21.492025 3.000000
v 46.992275 -21.045628 3.000000
v 47.184620 -20.538460 3.000000
v -42.750000 20.000000 3.000000
v -42.815380 20.538460 3.000000
v -43.007725 21.045628 3.000000
v -43.315849 21.492025 3.000000
v -43.721855 21.851713 3.000000
v -44.202141 22.103786 3.000000
v -44.728794 22.233595 3.000000
v -45.271206 22.233595 3.000000
v -45.797859 22.103786 3.000000
v -46.278145 21.851713 3.000000
v -46.684151 21.492025 3.000000
v -46.992275 21.045628 3.000000
v -47.184620 20.538460 3.000000
v -47.250000 20.000000 3.000000
v -47.184620 19.461540 3.000000
v -46.992275 18.954372 3.000000
v -46.684151 18.507975 3.000000
v -46.278145 18.148287 3.000000
v -45.797859 17.896214 3.000000
v -45.271206 17.766405 3.000000
v -44.728794 17.766405 3.000000
v -44.202141 17.896214 3.000000
v -43.721855 18.148287 3.000000
v -43.315849 18.507975 3.000000
v -43.007725 18.954372 3.000000
v -42.815380 19.461540 3.000000
v -47.000000 15.000000 3.000000
v -45.784462 15.106346 3.000000
v -44.605858 15.422152 3.000000
v -43.500000 15.937822 3.000000
v -42.500488 16.637690 3.000000
v -41.637688 17.500486 3.000000
v -40.937820 18.500000 3.000000
v -40.422153 19.605860 3.000000
v -40.106346 20.784462 3.000000
v -40.000000 22.000000 3.000000
v -47.000000 -15.000000 3.000000
v -40.000000 -22.000000 3.000000
v -40.106346 -20.784462 3.000000
v -40.422153 -19.605860 3.000000
v -40.937820 -18.500000 3.000000
v -41.637688 -17.500486 3.000000
v -42.500488 -16.637690 3.000000
v -43.500000 -15.937822 3.000000
v -44.605858 -15.422152 3.000000
v -45.784462 -15.106346 3.000000
v 10.210081 -22.000000 6.971270
v 10.435638 -22.000000 7.171097
v 40.000000 -22.000000 3.000000
v 10.606820 -22.000000 7.419096
v 9.943256 -22.000000 6.831230
v 10.713677 -22.000000 7.700855
v 9.650671 -22.000000 6.759114
v 10.750000 -22.000000 8.000000
v 9.349329 -22.000000 6.759114
v 10.713677 -22.000000 8.299145
v 8.564880 -22.000000 12.325833
v 9.943256 -22.000000 9.168770
v 9.650671 -22.000000 9.240886
v 9.349329 -22.000000 9.240886
v 7.356240 -22.000000 11.160558
v 9.056744 -22.000000 9.168770
v 8.789919 -22.000000 9.028729
v 8.564362 -22.000000 8.828903
v 9.590975 -22.000000 13.654671
v 10.435638 -22.000000 8.828903
v 10.210081 -22.000000 9.028729
v 5.990814 -22.000000 10.183680
v 8.393180 -22.000000 8.580904
v 8.286323 -22.000000 8.299145
v 8.250000 -22.000000 8.000000
v 10.412655 -22.000000 15.118748
v 10.606820 -22.000000 8.580904
v 4.497705 -22.000000 9.416018
v 8.286323 -22.000000 7.700855
v 8.393180 -22.000000 7.419096
v 11.012407 -22.000000 16.686861
v 2.908734 -22.000000 8.873938
v 8.564362 -22.000000 7.171097
v 8.789919 -22.000000 6.971270
v 11.377449 -22.000000 18.325586
v 1.257769 -22.000000 8.568989
v 9.056744 -22.000000 6.831230
v 11.500000 -22.000000 20.000000
v -0.420003 -22.000000 8.507672
v 11.377449 -22.000000 21.674414
v 11.012407 -22.000000 23.313139
v 10.412655 -22.000000 24.881252
v 9.590975 -22.000000 26.345329
v 8.564880 -22.000000 27.674166
v 7.356240 -22.000000 28.839441
v 5.990814 -22.000000 29.816320
v 4.497705 -22.000000 30.583981
v 2.908734 -22.000000 31.126062
v -8.789919 -22.000000 30.971270
v -8.564362 -22.000000 31.171097
v -6.691378 -22.000000 29.352833
v -7.981853 -22.000000 28.278891
v -8.393180 -22.000000 31.419096
v -9.056744 -22.000000 30.831230
v -8.286323 -22.000000 31.700855
v -5.258287 -22.000000 30.227434
v -9.349329 -22.000000 30.759113
v -8.250000 -22.000000 32.000000
v -9.650671 -22.000000 30.759113
v -9.102210 -22.000000 27.028498
v -8.286323 -22.000000 32.299145
v -3.713125 -22.000000 30.884058
v -9.943256 -22.000000 30.831230
v -8.393180 -22.000000 32.580902
v -10.210081 -22.000000 30.971270
v -10.028568 -22.000000 25.628305
v -8.564362 -22.000000 32.828903
v -2.088824 -22.000000 31.308704
v -10.435638 -22.000000 31.171097
v -8.789919 -22.000000 33.028728
v -0.420003 -22.000000 31.492329
v -10.606820 -22.000000 31.419096
v -10.741185 -22.000000 24.108154
v -9.056744 -22.000000 33.168770
v 1.257769 -22.000000 31.431011
v -10.713677 -22.000000 31.700855
v -11.224873 -22.000000 22.500446
v -11.469321 -22.000000 20.839447
v -11.469321 -22.000000 19.160553
v -11.224873 -22.000000 17.499554
v -10.741185 -22.000000 15.891845
v -10.028568 -22.000000 14.371695
v -9.102210 -22.000000 12.971502
v -7.981853 -22.000000 11.721110
v -6.691378 -22.000000 10.647168
v -5.258287 -22.000000 9.772565
v -3.713125 -22.000000 9.115943
v -2.088824 -22.000000 8.691295
v -9.650671 -22.000000 33.240887
v -9.943256 -22.000000 33.168770
v -10.210081 -22.000000 33.028728
v -10.435638 -22.000000 32.828903
v -10.606820 -22.000000 32.580902
v -10.713677 -22.000000 32.299145
v -10.750000 -22.000000 32.000000
v -9.349329 -22.000000 33.240887
v 47.000000 -15.000000 3.000000
v 45.784462 -15.106346 3.000000
v 44.605858 -15.422152 3.000000
v 43.500000 -15.937822 3.000000
v 42.500488 -16.637690 3.000000
v 41.637688 -17.500486 3.000000
v 40.937820 -18.500000 3.000000
v 40.422153 -19.605860 3.000000
v 40.106346 -20.784462 3.000000
v 47.000000 15.000000 3.000000
v 40.000000 22.000000 3.000000
v 40.106346 20.784462 3.000000
v 40.422153 19.605860 3.000000
v 40.937820 18.500000 3.000000
v 41.637688 17.500486 3.000000
v 42.500488 16.637690 3.000000
v 43.500000 15.937822 3.000000
v 44.605858 15.422152 3.000000
v 45.784462 15.106346 3.000000
v -32.272259 22.000000 16.708065
v -32.994041 22.000000 17.347509
v -33.541824 22.000000 18.141108
v -31.418419 22.000000 16.259935
v -33.883766 22.000000 19.042738
v -30.482147 22.000000 16.029165
v -34.000000 22.000000 20.000000
v -29.517853 22.000000 16.029165
v -28.581581 22.000000 16.259935
v -33.883766 22.000000 20.957262
v -33.541824 22.000000 21.858892
v -32.994041 22.000000 22.652491
v -32.272259 22.000000 23.291935
v -31.418419 22.000000 23.740065
v -30.482147 22.000000 23.970835
v -29.517853 22.000000 23.970835
v -28.581581 22.000000 23.740065
v -12.994043 22.000000 17.347509
v -27.005957 22.000000 17.347509
v -27.727741 22.000000 16.708065
v -12.272259 22.000000 16.708065
v -13.541824 22.000000 18.141108
v -26.458176 22.000000 18.141108
v -11.418420 22.000000 16.259935
v -13.883767 22.000000 19.042738
v -26.116232 22.000000 19.042738
v -10.482146 22.000000 16.029165
v -14.000000 22.000000 20.000000
v -26.116232 22.000000 20.957262
v -26.000000 22.000000 20.000000
v -9.517854 22.000000 16.029165
v -13.883767 22.000000 20.957262
v -13.541824 22.000000 21.858892
v -27.005957 22.000000 22.652491
v -26.458176 22.000000 21.858892
v -12.994043 22.000000 22.652491
v -12.272259 22.000000 23.291935
v -27.727741 22.000000 23.291935
v -11.418420 22.000000 23.740065
v -10.482146 22.000000 23.970835
v -9.517854 22.000000 23.970835
v 7.005957 22.000000 17.347509
v -7.005957 22.000000 17.347509
v -7.727741 22.000000 16.708065
v 7.727741 22.000000 16.708065
v 6.458176 22.000000 18.141108
v -6.458176 22.000000 18.141108
v 8.581580 22.000000 16.259935
v -8.581580 22.000000 16.259935
v 6.116233 22.000000 19.042738
v -6.116233 22.000000 19.042738
v 9.517854 22.000000 16.029165
v 6.000000 22.000000 20.000000
v -6.116233 22.000000 20.957262
v -6.000000 22.000000 20.000000
v 6.116233 22.000000 20.957262
v 6.458176 22.000000 21.858892
v -6.458176 22.000000 21.858892
v 7.005957 22.000000 22.652491
v -7.005957 22.000000 22.652491
v 7.727741 22.000000 23.291935
v -7.727741 22.000000 23.291935
v 8.581580 22.000000 23.740065
v -8.581580 22.000000 23.740065
v 9.517854 22.000000 23.970835
v 11.418420 22.000000 16.259935
v 10.482146 22.000000 16.029165
v 27.005957 22.000000 17.347509
v 12.994043 22.000000 17.347509
v 12.272259 22.000000 16.708065
v 27.727741 22.000000 16.708065
v 26.458176 22.000000 18.141108
v 13.541824 22.000000 18.141108
v 28.581581 22.000000 16.259935
v 26.116232 22.000000 19.042738
v 13.883767 22.000000 19.042738
v 29.517853 22.000000 16.029165
v 26.000000 22.000000 20.000000
v 14.000000 22.000000 20.000000
v 30.482147 22.000000 16.029165
v 26.116232 22.000000 20.957262
v 13.883767 22.000000 20.957262
v 31.418419 22.000000 16.259935
v 26.458176 22.000000 21.858892
v 13.541824 22.000000 21.858892
v 32.272259 22.000000 16.708065
v 27.005957 22.000000 22.652491
v 12.994043 22.000000 22.652491
v 32.994041 22.000000 17.347509
v 27.727741 22.000000 23.291935
v 12.272259 22.000000 23.291935
v 33.541824 22.000000 18.141108
v 28.581581 22.000000 23.740065
v 11.418420 22.000000 23.740065
v 33.883766 22.000000 19.042738
v 34.000000 22.000000 20.000000
v 10.482146 22.000000 23.970835
v 29.517853 22.000000 23.970835
v 30.482147 22.000000 23.970835
v 31.418419 22.000000 23.740065
v 32.272259 22.000000 23.291935
v 32.994041 22.000000 22.652491
v 33.541824 22.000000 21.858892
v 33.883766 22.000000 20.957262
v 47.250000 20.000000 3.000000
v 47.184620 20.538460 3.000000
v 46.992275 21.045628 3.000000
v 46.684151 21.492025 3.000000
v 46.278145 21.851713 3.000000
v 45.797859 22.103786 3.000000
v 45.271206 22.233595 3.000000
v 44.728794 22.233595 3.000000
v 44.202141 22.103786 3.000000
v 43.721855 21.851713 3.000000
v 43.315849 21.492025 3.000000
v 43.007725 21.045628 3.000000
v 42.815380 20.538460 3.000000
v 42.750000 20.000000 3.000000
v 42.815380 19.461540 3.000000
v 43.007725 18.954372 3.000000
v 43.315849 18.507975 3.000000
v 43.721855 18.148287 3.000000
v 44.202141 17.896214 3.000000
v 44.728794 17.766405 3.000000
v 45.271206 17.766405 3.000000
v 45.797859 17.896214 3.000000
v 46.278145 18.148287 3.000000
v 46.684151 18.507975 3.000000
v 46.992275 18.954372 3.000000
v 47.184620 19.461540 3.000000
vn -1.000000 0.000000 0.000000
vn -1.000000 -0.000000 0.000000
vn 0.000000 0.000000 -1.000000
vn 0.000000 0.000000 -1.000000
vn 0.000000 0.000000 -1.000000
vn 0.000000 0.000000 -1.000000
vn 0.000000 0.000000 -1.000000
vn 0.000000 0.000000 -1.000000
vn 0.000000 -0.000000 -1.000000
vn 0.000000 -0.000000 -1.000000
vn 0.000000 -0.000000 -1.000000
vn 0.000000 -0.000000 -1.000000
vn 0.000000 -0.000000 -1.000000
vn 0.000000 0.000000 -1.000000
vn 0.000000 0.000000 -1.000000
vn 0.000000 -0.000000 -1.000000
vn 0.000000 0.000000 -1.000000
vn 0.000000 0.000000 -1.000000
vn 0.000000 0.000000 -1.000000
vn 0.000000 0.000000 -1.000000
vn 0.000000 0.000000 -1.000000
vn 0.000000 0.000000 -1.000000
vn 0.000000 0.000000 -1.000000
vn 0.000000 0.000000 -1.000000
vn 0.000000 0.000000 -1.000000
vn 0.000000 0.000000 -1.000000
vn -0.000000 -0.000000 -1.000000
vn 0.000000 0.000000 -1.000000
vn 0.000000 0.000000 -1.000000
vn -0.000000 -0.000000 -1.000000
vn -0.000000 -0.000000 -1.000000
vn 0.000000 0.000000 -1.000000
vn -0.993712 0.111963 0.000000
vn -0.943883 0.330280 0.000000
vn -0.993712 0.111963 0.000000
vn -0.846724 0.532033 0.000000
vn -0.943883 0.330280 0.000000
vn -0.846724 0.532033 0.000000
vn -0.707108 0.707106 0.000000
vn -0.707108 0.707106 0.000000
vn -0.532032 0.846724 0.000000
vn -0.330279 0.943883 0.000000
vn -0.532032 0.846724 0.000000
vn -0.330279 0.943883 0.000000
vn -0.111964 0.993712 0.000000
vn -0.111964 0.993712 0.000000
vn -0.993712 -0.111963 -0.000000
vn -0.943883 -0.330280 -0.000000
vn -0.993712 -0.111963 0.000000
vn -0.846724 -0.532033 -0.000000
vn -0.943883 -0.330280 -0.000000
vn -0.846724 -0.532033 -0.000000
vn -0.707108 -0.707106 -0.000000
vn -0.707108 -0.707106 0.000000
vn -0.532032 -0.846724 -0.000000
vn -0.330279 -0.943883 -0.000000
vn -0.532032 -0.846724 0.000000
vn -0.330279 -0.943883 -0.000000
vn -0.111964 -0.993712 -0.000000
vn -0.111964 -0.993712 0.000000
vn 0.000000 0.000000 1.000000
vn 0.000000 0.000000 1.000000
vn 0.000000 0.000000 1.000000
vn 0.000000 0.000000 1.000000
vn 0.000000 0.000000 1.000000
vn 0.000000 0.000000 1.000000
vn 0.000000 0.000000 1.000000
vn 0.000000 0.000000 1.000000
vn 0.000000 0.000000 1.000000
vn 0.000000 0.000000 1.000000
vn 0.000000 0.000000 1.000000
vn 0.000000 0.000000 1.000000
vn 0.000000 0.000000 1.000000
vn 0.000000 0.000000 1.000000
vn 0.000000 0.000000 1.000000
vn 0.000000 0.000000 1.000000
vn 0.000000 0.000000 1.000000
vn 0.000000 0.000000 1.000000
vn 0.000000 0.000000 1.000000
vn 0.000000 0.000000 1.000000
vn 0.000000 0.000000 1.000000
vn 0.000000 0.000000 1.000000
vn 0.000000 0.000000 1.000000
vn 0.000000 0.000000 1.000000
vn 0.000000 0.000000 1.000000
vn 0.000000 0.000000 1.000000
vn 0.000000 0.000000 1.000000
vn 0.000000 0.000000 1.000000
vn 0.000000 0.000000 1.000000
vn 0.000000 0.000000 1.000000
vn 0.000000 0.000000 1.000000
vn 0.000000 0.000000 1.000000
vn 0.000000 0.000000 1.000000
vn 0.000000 0.000000 1.000000
vn 0.000000 0.000000 1.000000
vn 0.000000 0.000000 1.000000
vn 0.000000 0.000000 1.000000
vn 0.000000 0.000000 1.000000
vn 0.000000 0.000000 1.000000
vn 0.000000 0.000000 1.000000
vn 0.000000 0.000000 1.000000
vn 0.000000 0.000000 1.000000
vn 0.000000 0.000000 1.000000
vn 0.000000 0.000000 1.000000
vn 0.000000 0.000000 1.000000
vn 0.000000 0.000000 1.000000
vn 0.000000 0.000000 1.000000
vn 0.000000 0.000000 1.000000
vn 0.000000 0.000000 1.000000
vn 0.000000 0.000000 1.000000
vn 0.000000 0.000000 1.000000
vn 0.000000 0.000000 1.000000
vn 0.000000 0.000000 1.000000
vn 0.000000 0.000000 1.000000
vn 0.000000 0.000000 1.000000
vn 0.000000 0.000000 1.000000
vn 0.000000 0.000000 1.000000
vn 0.000000 0.000000 1.000000
vn 0.000000 0.000000 1.000000
vn 0.000000 0.000000 1.000000
vn 0.000000 0.000000 1.000000
vn 0.000000 0.000000 1.000000
vn 0.000000 0.000000 1.000000
vn 0.000000 0.000000 1.000000
vn 0.000000 0.000000 1.000000
vn 0.000000 0.000000 1.000000
vn 0.000000 0.000000 1.000000
vn 0.000000 0.000000 1.000000
vn 0.000000 0.000000 1.000000
vn 0.000000 0.000000 1.000000
vn 0.000000 0.000000 1.000000
vn 0.000000 0.000000 1.000000
vn 0.000000 0.000000 1.000000
vn 0.000000 0.000000 1.000000
vn 0.000000 0.000000 1.000000
vn 0.000000 0.000000 1.000000
vn 0.000000 0.000000 1.000000
vn 0.000000 0.000000 1.000000
vn 0.000000 0.000000 1.000000
vn 0.000000 0.000000 1.000000
vn 0.000000 0.000000 1.000000
vn 0.000000 0.000000 1.000000
vn 0.000000 0.000000 1.000000
vn 0.000000 0.000000 1.000000
vn 0.000000 0.000000 1.000000
vn 0.000000 0.000000 1.000000
vn 0.000000 0.000000 1.000000
vn 0.000000 0.000000 1.000000
vn 0.000000 0.000000 1.000000
vn 0.000000 0.000000 1.000000
vn 0.000000 0.000000 1.000000
vn 0.000000 0.000000 1.000000
vn 0.000000 0.000000 1.000000
vn 0.000000 0.000000 1.000000
vn 0.000000 0.000000 1.000000
vn 0.000000 0.000000 1.000000
vn 0.000000 0.000000 1.000000
vn 0.000000 0.000000 1.000000
vn 0.000000 0.000000 1.000000
vn 0.000000 0.000000 1.000000
vn 0.000000 0.000000 1.000000
vn 0.000000 0.000000 1.000000
vn 0.000000 0.000000 1.000000
vn 0.000000 0.000000 1.000000
vn 0.000000 0.000000 1.000000
vn 0.000000 0.000000 1.000000
vn 0.000000 0.000000 1.000000
vn 0.000000 0.000000 1.000000
vn 0.000000 0.000000 1.000000
vn 0.000000 0.000000 1.000000
vn 0.000000 0.000000 1.000000
vn 0.000000 0.000000 1.000000
vn 0.000000 0.000000 1.000000
vn 0.000000 0.000000 1.000000
vn 0.000000 0.000000 1.000000
vn 0.000000 0.000000 1.000000
vn 0.000000 0.000000 1.000000
vn 0.000000 0.000000 1.000000
vn 0.000000 0.000000 1.000000
vn 0.000000 0.000000 1.000000
vn 0.000000 0.000000 1.000000
vn 0.000000 0.000000 1.000000
vn 0.000000 0.000000 1.000000
vn 0.000000 0.000000 1.000000
vn 0.000000 0.000000 1.000000
vn 0.000000 0.000000 1.000000
vn 0.000000 0.000000 1.000000
vn 0.000000 0.000000 1.000000
vn 0.000000 0.000000 1.000000
vn 0.000000 0.000000 1.000000
vn 0.000000 0.000000 1.000000
vn 0.000000 0.000000 1.000000
vn 0.000000 0.000000 1.000000
vn 0.000000 0.000000 1.000000
vn 0.000000 0.000000 1.000000
vn 0.000000 0.000000 1.000000
vn 0.000000 0.000000 1.000000
vn 0.000000 0.000000 1.000000
vn 0.000000 0.000000 1.000000
vn 0.000000 0.000000 1.000000
vn 0.000000 0.000000 1.000000
vn 0.000000 0.000000 1.000000
vn 0.000000 0.000000 1.000000
vn 0.000000 0.000000 1.000000
vn 0.000000 0.000000 1.000000
vn 0.000000 0.000000 1.000000
vn 0.000000 0.000000 1.000000
vn 0.000000 0.000000 1.000000
vn 0.000000 0.000000 1.000000
vn 0.000000 0.000000 1.000000
vn 0.000000 0.000000 1.000000
vn 0.000000 0.000000 1.000000
vn 0.000000 0.000000 1.000000
vn 0.000000 0.000000 1.000000
vn 0.000000 0.000000 1.000000
vn 0.000000 0.000000 1.000000
vn 0.000000 0.000000 1.000000
vn 0.000000 0.000000 1.000000
vn 0.000000 0.000000 1.000000
vn 0.000000 0.000000 1.000000
vn 0.000000 0.000000 1.000000
vn 0.000000 0.000000 1.000000
vn 0.000000 0.000000 1.000000
vn 0.000000 0.000000 1.000000
vn 0.000000 0.000000 1.000000
vn 0.000000 0.000000 1.000000
vn 0.000000 0.000000 1.000000
vn 0.000000 0.000000 1.000000
vn 0.000000 0.000000 1.000000
vn 0.000000 0.000000 1.000000
vn 0.000000 0.000000 1.000000
vn 0.000000 0.000000 1.000000
vn 0.000000 0.000000 1.000000
vn 0.000000 0.000000 1.000000
vn 0.000000 0.000000 1.000000
vn 0.000000 0.000000 1.000000
vn 0.000000 0.000000 1.000000
vn 0.000000 0.000000 1.000000
vn 0.000000 0.000000 1.000000
vn 0.000000 0.000000 1.000000
vn 0.000000 0.000000 1.000000
vn 0.000000 0.000000 1.000000
vn 0.000000 0.000000 1.000000
vn 0.000000 0.000000 1.000000
vn 0.000000 1.000000 -0.000000
vn 0.000000 1.000000 0.000000
vn 0.000000 1.000000 -0.000000
vn 0.000000 1.000000 0.000000
vn 0.000000 1.000000 -0.000000
vn 0.000000 1.000000 0.000000
vn 0.000000 1.000000 -0.000000
vn 0.000000 1.000000 -0.000000
vn 0.000000 1.000000 0.000000
vn 0.000000 1.000000 0.000000
vn 0.000000 1.000000 0.000000
vn 0.000000 1.000000 0.000000
vn 0.000000 1.000000 0.000000
vn 0.000000 1.000000 0.000000
vn 0.000000 1.000000 0.000000
vn 0.000000 1.000000 0.000000
vn 0.000000 1.000000 0.000000
vn 0.000000 1.000000 -0.000000
vn 0.000000 1.000000 -0.000000
vn 0.000000 1.000000 -0.000000
vn 0.000000 1.000000 -0.000000
vn 0.000000 1.000000 0.000000
vn 0.000000 1.000000 -0.000000
vn 0.000000 1.000000 -0.000000
vn 0.000000 1.000000 -0.000000
vn 0.000000 1.000000 0.000000
vn 0.000000 1.000000 -0.000000
vn 0.000000 1.000000 -0.000000
vn 0.000000 1.000000 0.000000
vn 0.000000 1.000000 -0.000000
vn 0.000000 1.000000 0.000000
vn 0.000000 1.000000 0.000000
vn 0.000000 1.000000 0.000000
vn 0.000000 1.000000 0.000000
vn 0.000000 1.000000 0.000000
vn 0.000000 1.000000 0.000000
vn 0.000000 1.000000 0.000000
vn 0.000000 1.000000 0.000000
vn 0.000000 1.000000 0.000000
vn 0.000000 1.000000 0.000000
vn 0.000000 1.000000 0.000000
vn 0.000000 1.000000 0.000000
vn 0.000000 1.000000 0.000000
vn 0.000000 1.000000 -0.000000
vn 0.000000 1.000000 -0.000000
vn 0.000000 1.000000 -0.000000
vn 0.000000 1.000000 -0.000000
vn 0.000000 1.000000 0.000000
vn 0.000000 1.000000 -0.000000
vn 0.000000 1.000000 0.000000
vn 0.000000 1.000000 -0.000000
vn 0.000000 1.000000 -0.000000
vn 0.000000 1.000000 -0.000000
vn 0.000000 1.000000 -0.000000
vn 0.000000 1.000000 -0.000000
vn 0.000000 1.000000 0.000000
vn 0.000000 1.000000 0.000000
vn 0.000000 1.000000 0.000000
vn 0.000000 1.000000 0.000000
vn 0.000000 1.000000 0.000000
vn 0.000000 1.000000 0.000000
vn 0.000000 1.000000 0.000000
vn 0.000000 1.000000 0.000000
vn 0.000000 1.000000 0.000000
vn 0.000000 1.000000 0.000000
vn 0.000000 1.000000 0.000000
vn 0.000000 1.000000 0.000000
vn 0.000000 1.000000 0.000000
vn 0.000000 1.000000 -0.000000
vn 0.000000 1.000000 -0.000000
vn 0.000000 1.000000 -0.000000
vn 0.000000 1.000000 0.000000
vn 0.000000 1.000000 -0.000000
vn 0.000000 1.000000 -0.000000
vn 0.000000 1.000000 -0.000000
vn 0.000000 1.000000 -0.000000
vn 0.000000 1.000000 -0.000000
vn 0.000000 1.000000 -0.000000
vn 0.000000 1.000000 -0.000000
vn 0.000000 1.000000 0.000000
vn 0.000000 1.000000 0.000000
vn 0.000000 1.000000 0.000000
vn 0.000000 1.000000 -0.000000
vn 0.000000 1.000000 0.000000
vn 0.000000 1.000000 0.000000
vn 0.000000 1.000000 0.000000
vn 0.000000 1.000000 0.000000
vn 0.000000 1.000000 0.000000
vn 0.000000 1.000000 0.000000
vn 0.000000 1.000000 0.000000
vn 0.000000 1.000000 0.000000
vn 0.000000 1.000000 0.000000
vn 0.000000 1.000000 0.000000
vn 0.000000 1.000000 0.000000
vn 0.000000 1.000000 0.000000
vn 0.000000 1.000000 0.000000
vn 0.000000 1.000000 0.000000
vn 0.000000 1.000000 0.000000
vn 0.000000 1.000000 0.000000
vn 0.000000 1.000000 0.000000
vn 0.000000 1.000000 0.000000
vn 0.000000 1.000000 0.000000
vn 0.000000 1.000000 0.000000
vn 0.000000 1.000000 0.000000
vn 0.000000 1.000000 0.000000
vn 0.000000 1.000000 0.000000
vn 0.000000 1.000000 0.000000
vn 0.000000 1.000000 0.000000
vn 0.000000 1.000000 0.000000
vn 0.000000 1.000000 0.000000
vn 0.000000 1.000000 0.000000
vn 0.000000 1.000000 0.000000
vn 0.000000 1.000000 0.000000
vn 0.000000 1.000000 0.000000
vn 0.000000 -1.000000 0.000000
vn 0.000000 -1.000000 0.000000
vn 0.000000 -1.000000 0.000000
vn 0.000000 -1.000000 0.000000
vn 0.000000 -1.000000 0.000000
vn 0.000000 -1.000000 0.000000
vn 0.000000 -1.000000 0.000000
vn 0.000000 -1.000000 0.000000
vn 0.000000 -1.000000 0.000000
vn 0.000000 -1.000000 0.000000
vn 0.000000 -1.000000 0.000000
vn 0.000000 -1.000000 0.000000
vn 0.000000 -1.000000 0.000000
vn 0.000000 -1.000000 0.000000
vn 0.000000 -1.000000 0.000000
vn 0.000000 -1.000000 0.000000
vn 0.000000 -1.000000 0.000000
vn 0.000000 -1.000000 0.000000
vn 0.000000 -1.000000 0.000000
vn 0.000000 -1.000000 0.000000
vn 0.000000 -1.000000 0.000000
vn 0.000000 -1.000000 0.000000
vn 0.000000 -1.000000 0.000000
vn 0.000000 -1.000000 0.000000
vn 0.000000 -1.000000 -0.000000
vn 0.000000 -1.000000 -0.000000
vn 0.000000 -1.000000 0.000000
vn 0.000000 -1.000000 0.000000
vn 0.000000 -1.000000 0.000000
vn 0.000000 -1.000000 0.000000
vn 0.000000 -1.000000 0.000000
vn 0.000000 -1.000000 0.000000
vn 0.000000 -1.000000 0.000000
vn 0.000000 -1.000000 0.000000
vn 0.000000 -1.000000 0.000000
vn 0.000000 -1.000000 0.000000
vn 0.000000 -1.000000 0.000000
vn 0.000000 -1.000000 0.000000
vn 0.000000 -1.000000 0.000000
vn 0.000000 -1.000000 0.000000
vn 0.000000 -1.000000 0.000000
vn 0.000000 -1.000000 0.000000
vn 0.000000 -1.000000 0.000000
vn 0.000000 -1.000000 0.000000
vn 0.000000 -1.000000 0.000000
vn 0.000000 -1.000000 0.000000
vn 0.000000 -1.000000 0.000000
vn 0.000000 -1.000000 0.000000
vn 0.000000 -1.000000 0.000000
vn 0.000000 -1.000000 0.000000
vn 0.000000 -1.000000 0.000000
vn 0.000000 -1.000000 0.000000
vn 0.000000 -1.000000 0.000000
vn 0.000000 -1.000000 0.000000
vn 0.000000 -1.000000 0.000000
vn 0.000000 -1.000000 0.000000
vn 0.000000 -1.000000 0.000000
vn 0.000000 -1.000000 0.000000
vn 0.000000 -1.000000 0.000000
vn 0.000000 -1.000000 0.000000
vn 0.000000 -1.000000 0.000000
vn 0.000000 -1.000000 0.000000
vn 0.000000 -1.000000 0.000000
vn 0.000000 -1.000000 0.000000
vn 0.000000 -1.000000 0.000000
vn 0.000000 -1.000000 0.000000
vn 0.000000 -1.000000 0.000000
vn 0.000000 -1.000000 0.000000
vn 0.000000 -1.000000 0.000000
vn 0.000000 -1.000000 0.000000
vn 0.000000 -1.000000 0.000000
vn 0.000000 -1.000000 0.000000
vn 0.000000 -1.000000 0.000000
vn 0.000000 -1.000000 0.000000
vn 0.000000 -1.000000 0.000000
vn 0.000000 -1.000000 0.000000
vn 0.000000 -1.000000 0.000000
vn 0.000000 -1.000000 0.000000
vn 0.000000 -1.000000 0.000000
vn 0.000000 -1.000000 0.000000
vn 0.000000 -1.000000 0.000000
vn 0.000000 -1.000000 0.000000
vn 0.000000 -1.000000 0.000000
vn 0.000000 -1.000000 0.000000
vn 0.000000 -1.000000 0.000000
vn 0.000000 -1.000000 0.000000
vn 0.000000 -1.000000 0.000000
vn 0.000000 -1.000000 0.000000
vn 0.000000 -1.000000 0.000000
vn 0.000000 -1.000000 0.000000
vn 0.000000 -1.000000 0.000000
vn 0.000000 -1.000000 0.000000
vn 0.000000 -1.000000 0.000000
vn 0.000000 -1.000000 0.000000
vn 0.000000 -1.000000 0.000000
vn 0.000000 -1.000000 0.000000
vn 0.000000 -1.000000 0.000000
vn 0.000000 -1.000000 0.000000
vn 0.000000 -1.000000 0.000000
vn 0.000000 -1.000000 0.000000
vn 0.000000 -1.000000 0.000000
vn 0.000000 -1.000000 0.000000
vn 0.000000 -1.000000 0.000000
vn 0.111964 0.993712 0.000000
vn 0.330279 0.943883 -0.000000
vn 0.111964 0.993712 0.000000
vn 0.532032 0.846724 -0.000000
vn 0.330279 0.943883 0.000000
vn 0.532032 0.846724 0.000000
vn 0.707108 0.707106 0.000000
vn 0.707108 0.707106 0.000000
vn 0.846724 0.532033 0.000000
vn 0.943883 0.330280 -0.000000
vn 0.846724 0.532033 0.000000
vn 0.943883 0.330280 0.000000
vn 0.993712 0.111963 0.000000
vn 0.993712 0.111963 0.000000
vn 0.111964 -0.993712 0.000000
vn 0.330279 -0.943883 0.000000
vn 0.111964 -0.993712 0.000000
vn 0.532032 -0.846724 0.000000
vn 0.330279 -0.943883 0.000000
vn 0.532032 -0.846724 0.000000
vn 0.707108 -0.707106 0.000000
vn 0.707108 -0.707106 0.000000
vn 0.846724 -0.532033 0.000000
vn 0.943883 -0.330280 0.000000
vn 0.846724 -0.532033 0.000000
vn 0.943883 -0.330280 0.000000
vn 0.993712 -0.111963 0.000000
vn 0.993712 -0.111963 0.000000
vn 1.000000 0.000000 0.000000
vn 1.000000 -0.000000 0.000000
vn -0.992709 -0.120535 0.000000
vn -0.935015 -0.354607 0.000000
vn -0.992709 -0.120535 0.000000
vn -0.822985 -0.568063 0.000000
vn -0.935015 -0.354607 0.000000
vn -0.663121 -0.748513 0.000000
vn -0.822985 -0.568063 0.000000
vn -0.663121 -0.748513 0.000000
vn -0.464723 -0.885456 0.000000
vn -0.239316 -0.970942 0.000000
vn -0.464723 -0.885456 -0.000000
vn -0.239316 -0.970942 0.000000
vn 0.000000 -1.000000 0.000000
vn -0.000000 -1.000000 -0.000000
vn 0.239316 -0.970942 0.000000
vn 0.239316 -0.970942 0.000000
vn 0.464723 -0.885456 0.000000
vn 0.464723 -0.885456 0.000000
vn 0.663121 -0.748513 0.000000
vn 0.663121 -0.748513 0.000000
vn 0.822985 -0.568063 0.000000
vn 0.822985 -0.568063 0.000000
vn 0.935015 -0.354607 0.000000
vn 0.935015 -0.354607 0.000000
vn 0.992709 -0.120535 0.000000
vn 0.992709 -0.120535 0.000000
vn 0.992709 0.120535 0.000000
vn 0.992709 0.120535 0.000000
vn 0.935015 0.354607 0.000000
vn 0.935015 0.354607 0.000000
vn 0.822985 0.568063 0.000000
vn 0.663121 0.748513 -0.000000
vn 0.822985 0.568063 0.000000
vn 0.663121 0.748513 0.000000
vn 0.464723 0.885456 0.000000
vn 0.464723 0.885456 0.000000
vn 0.239316 0.970942 0.000000
vn 0.239316 0.970942 0.000000
vn 0.000000 1.000000 0.000000
vn -0.239316 0.970942 0.000000
vn -0.000000 1.000000 0.000000
vn -0.239316 0.970942 0.000000
vn -0.464723 0.885456 0.000000
vn -0.464723 0.885456 0.000000
vn -0.663121 0.748513 0.000000
vn -0.663121 0.748513 0.000000
vn -0.822985 0.568063 0.000000
vn -0.935015 0.354607 0.000000
vn -0.822985 0.568063 0.000000
vn -0.992709 0.120535 0.000000
vn -0.935015 0.354607 0.000000
vn -0.992709 0.120535 0.000000
vn -0.992709 -0.120535 0.000000
vn -0.935015 -0.354607 0.000000
vn -0.992709 -0.120535 0.000000
vn -0.822985 -0.568063 0.000000
vn -0.935015 -0.354607 0.000000
vn -0.663121 -0.748513 0.000000
vn -0.822985 -0.568063 0.000000
vn -0.663121 -0.748513 0.000000
vn -0.464723 -0.885456 0.000000
vn -0.239316 -0.970942 0.000000
vn -0.464723 -0.885456 -0.000000
vn -0.239316 -0.970942 0.000000
vn 0.000000 -1.000000 0.000000
vn -0.000000 -1.000000 -0.000000
vn 0.239316 -0.970942 0.000000
vn 0.239316 -0.970942 0.000000
vn 0.464723 -0.885456 0.000000
vn 0.464723 -0.885456 0.000000
vn 0.663121 -0.748513 0.000000
vn 0.663121 -0.748513 0.000000
vn 0.822985 -0.568063 0.000000
vn 0.822985 -0.568063 0.000000
vn 0.935015 -0.354607 0.000000
vn 0.935015 -0.354607 0.000000
vn 0.992709 -0.120535 0.000000
vn 0.992709 -0.120535 0.000000
vn 0.992709 0.120535 0.000000
vn 0.992709 0.120535 0.000000
vn 0.935015 0.354607 0.000000
vn 0.935015 0.354607 0.000000
vn 0.822985 0.568063 0.000000
vn 0.663121 0.748513 -0.000000
vn 0.822985 0.568063 0.000000
vn 0.663121 0.748513 0.000000
vn 0.464723 0.885456 0.000000
vn 0.464723 0.885456 0.000000
vn 0.239316 0.970942 0.000000
vn 0.239316 0.970942 0.000000
vn 0.000000 1.000000 0.000000
vn -0.239316 0.970942 0.000000
vn -0.000000 1.000000 0.000000
vn -0.239316 0.970942 0.000000
vn -0.464723 0.885456 0.000000
vn -0.464723 0.885456 0.000000
vn -0.663121 0.748513 0.000000
vn -0.663121 0.748513 0.000000
vn -0.822985 0.568063 0.000000
vn -0.935015 0.354607 0.000000
vn -0.822985 0.568063 0.000000
vn -0.992709 0.120535 0.000000
vn -0.935015 0.354607 0.000000
vn -0.992709 0.120535 0.000000
vn -0.992709 -0.120535 0.000000
vn -0.935015 -0.354607 0.000000
vn -0.992709 -0.120535 0.000000
vn -0.822985 -0.568063 0.000000
vn -0.935015 -0.354607 0.000000
vn -0.663121 -0.748513 0.000000
vn -0.822985 -0.568063 0.000000
vn -0.663121 -0.748513 0.000000
vn -0.464723 -0.885456 0.000000
vn -0.239316 -0.970942 0.000000
vn -0.464723 -0.885456 -0.000000
vn -0.239316 -0.970942 0.000000
vn 0.000000 -1.000000 0.000000
vn -0.000000 -1.000000 -0.000000
vn 0.239316 -0.970942 0.000000
vn 0.239316 -0.970942 0.000000
vn 0.464723 -0.885456 0.000000
vn 0.464723 -0.885456 0.000000
vn 0.663121 -0.748513 0.000000
vn 0.663121 -0.748513 0.000000
vn 0.822985 -0.568063 0.000000
vn 0.822985 -0.568063 0.000000
vn 0.935015 -0.354607 0.000000
vn 0.935015 -0.354607 0.000000
vn 0.992709 -0.120535 0.000000
vn 0.992709 -0.120535 0.000000
vn 0.992709 0.120535 0.000000
vn 0.992709 0.120535 0.000000
vn 0.935015 0.354607 0.000000
vn 0.935015 0.354607 0.000000
vn 0.822985 0.568063 0.000000
vn 0.663121 0.748513 -0.000000
vn 0.822985 0.568063 0.000000
vn 0.663121 0.748513 0.000000
vn 0.464723 0.885456 0.000000
vn 0.464723 0.885456 0.000000
vn 0.239316 0.970942 0.000000
vn 0.239316 0.970942 0.000000
vn 0.000000 1.000000 0.000000
vn -0.239316 0.970942 0.000000
vn -0.000000 1.000000 0.000000
vn -0.239316 0.970942 0.000000
vn -0.464723 0.885456 0.000000
vn -0.464723 0.885456 0.000000
vn -0.663121 0.748513 0.000000
vn -0.663121 0.748513 0.000000
vn -0.822985 0.568063 0.000000
vn -0.935015 0.354607 0.000000
vn -0.822985 0.568063 0.000000
vn -0.992709 0.120535 0.000000
vn -0.935015 0.354607 0.000000
vn -0.992709 0.120535 0.000000
vn 0.087156 -0.996195 0.000000
vn 0.087156 -0.996195 0.000000
vn 0.258819 -0.965926 0.000000
vn 0.258819 -0.965926 0.000000
vn 0.422619 -0.906308 0.000000
vn 0.422619 -0.906308 0.000000
vn 0.573577 -0.819151 0.000000
vn 0.707105 -0.707108 0.000000
vn 0.573577 -0.819151 0.000000
vn 0.707105 -0.707108 0.000000
vn 0.819152 -0.573577 0.000000
vn 0.819152 -0.573577 0.000000
vn 0.906309 -0.422616 0.000000
vn 0.906309 -0.422616 0.000000
vn 0.965926 -0.258820 0.000000
vn 0.965926 -0.258820 0.000000
vn 0.996195 -0.087156 0.000000
vn 0.996195 -0.087156 0.000000
vn 1.000000 0.000000 0.000000
vn 1.000000 0.000000 0.000000
vn 0.996195 0.087156 0.000000
vn 0.996195 0.087156 0.000000
vn 0.965926 0.258820 0.000000
vn 0.906309 0.422616 0.000000
vn 0.965926 0.258820 0.000000
vn 0.906309 0.422616 0.000000
vn 0.819152 0.573577 0.000000
vn 0.707105 0.707108 0.000000
vn 0.819152 0.573577 0.000000
vn 0.707105 0.707108 0.000000
vn 0.573577 0.819151 0.000000
vn 0.573577 0.819151 0.000000
vn 0.422619 0.906308 0.000000
vn 0.422619 0.906308 0.000000
vn 0.258819 0.965926 0.000000
vn 0.258819 0.965926 0.000000
vn 0.087156 0.996195 0.000000
vn 0.087156 0.996195 0.000000
vn -0.000000 1.000000 0.000000
vn 0.000000 1.000000 0.000000
vn -0.000000 1.000000 0.000000
vn 0.000000 1.000000 0.000000
vn -0.000000 1.000000 0.000000
vn 0.000000 1.000000 0.000000
vn -0.000000 1.000000 0.000000
vn 0.000000 1.000000 0.000000
vn 0.000000 1.000000 0.000000
vn 0.000000 1.000000 0.000000
vn 0.000000 1.000000 0.000000
vn 0.000000 1.000000 0.000000
vn 0.000000 1.000000 0.000000
vn -0.000000 1.000000 0.000000
vn 0.000000 1.000000 0.000000
vn 0.000000 1.000000 0.000000
vn 0.000000 1.000000 0.000000
vn 0.000000 1.000000 0.000000
vn 0.000000 1.000000 0.000000
vn 0.000000 1.000000 0.000000
vn -0.000000 1.000000 0.000000
vn 0.000000 1.000000 0.000000
vn 0.000000 1.000000 0.000000
vn 0.000000 1.000000 0.000000
vn 0.000000 1.000000 0.000000
vn 0.000000 1.000000 0.000000
vn -0.000000 1.000000 0.000000
vn 0.000000 1.000000 0.000000
vn 0.000000 1.000000 0.000000
vn 0.000000 1.000000 0.000000
vn 0.000000 1.000000 0.000000
vn -0.000000 1.000000 0.000000
vn 0.000000 1.000000 0.000000
vn 0.000000 1.000000 0.000000
vn -0.000000 1.000000 0.000000
vn -0.000000 1.000000 0.000000
vn 0.000000 1.000000 0.000000
vn 0.000000 1.000000 0.000000
vn -0.000000 1.000000 0.000000
vn -0.000000 1.000000 0.000000
vn -0.000000 1.000000 0.000000
vn -0.000000 1.000000 0.000000
vn -0.000000 1.000000 0.000000
vn -0.000000 1.000000 0.000000
vn -0.000000 1.000000 0.000000
vn -0.000000 1.000000 0.000000
vn -0.000000 1.000000 0.000000
vn -0.000000 1.000000 0.000000
vn -0.000000 1.000000 0.000000
vn 0.000000 1.000000 0.000000
vn 0.000000 1.000000 0.000000
vn -0.000000 1.000000 0.000000
vn 0.000000 1.000000 0.000000
vn 0.000000 1.000000 0.000000
vn -0.000000 1.000000 0.000000
vn 0.000000 1.000000 0.000000
vn 0.000000 1.000000 0.000000
vn -0.000000 1.000000 0.000000
vn 0.000000 1.000000 0.000000
vn 0.000000 1.000000 0.000000
vn 0.000000 1.000000 0.000000
vn 0.000000 1.000000 0.000000
vn 0.000000 1.000000 0.000000
vn 0.000000 1.000000 0.000000
vn 0.000000 1.000000 0.000000
vn 0.000000 1.000000 0.000000
vn 0.000000 1.000000 0.000000
vn 0.000000 1.000000 0.000000
vn 0.000000 1.000000 0.000000
vn 0.000000 1.000000 0.000000
vn 0.000000 1.000000 0.000000
vn 0.000000 1.000000 0.000000
vn 0.000000 1.000000 0.000000
vn 0.000000 1.000000 0.000000
vn 0.000000 1.000000 0.000000
vn 0.000000 1.000000 0.000000
vn 0.000000 1.000000 0.000000
vn 0.000000 1.000000 0.000000
vn 0.000000 1.000000 0.000000
vn 0.000000 1.000000 0.000000
vn 0.000000 1.000000 0.000000
vn 0.000000 1.000000 0.000000
vn 0.000000 1.000000 0.000000
vn 0.000000 1.000000 0.000000
vn 0.000000 1.000000 0.000000
vn 0.000000 1.000000 0.000000
vn 0.000000 1.000000 0.000000
vn 0.000000 1.000000 0.000000
vn 0.000000 1.000000 0.000000
vn 0.000000 1.000000 0.000000
vn 0.000000 1.000000 0.000000
vn 0.000000 1.000000 0.000000
vn 0.000000 1.000000 0.000000
vn 0.000000 1.000000 0.000000
vn 0.000000 1.000000 0.000000
vn 0.000000 1.000000 0.000000
vn 0.000000 1.000000 0.000000
vn 0.000000 1.000000 0.000000
vn -0.000000 1.000000 0.000000
vn -0.000000 1.000000 0.000000
vn -0.000000 1.000000 0.000000
vn -0.000000 1.000000 0.000000
vn 0.000000 1.000000 0.000000
vn -0.087156 0.996195 0.000000
vn -0.087156 0.996195 0.000000
vn -0.258819 0.965926 0.000000
vn -0.258819 0.965926 0.000000
vn -0.422619 0.906308 0.000000
vn -0.573577 0.819151 0.000000
vn -0.422619 0.906308 0.000000
vn -0.573577 0.819151 0.000000
vn -0.707105 0.707108 0.000000
vn -0.819152 0.573577 0.000000
vn -0.707105 0.707108 0.000000
vn -0.819152 0.573577 0.000000
vn -0.906309 0.422616 0.000000
vn -0.965926 0.258820 0.000000
vn -0.906309 0.422616 0.000000
vn -0.965926 0.258820 0.000000
vn -0.996195 0.087156 0.000000
vn -0.996195 0.087156 0.000000
vn -1.000000 0.000000 0.000000
vn -1.000000 0.000000 0.000000
vn -0.996195 -0.087156 0.000000
vn -0.996195 -0.087156 -0.000000
vn -0.965926 -0.258820 -0.000000
vn -0.965926 -0.258820 0.000000
vn -0.906309 -0.422616 -0.000000
vn -0.906309 -0.422616 0.000000
vn -0.819152 -0.573577 -0.000000
vn -0.707105 -0.707108 -0.000000
vn -0.819152 -0.573577 0.000000
vn -0.707105 -0.707108 -0.000000
vn -0.573577 -0.819151 -0.000000
vn -0.573577 -0.819151 0.000000
vn -0.422619 -0.906308 -0.000000
vn -0.422619 -0.906308 0.000000
vn -0.258819 -0.965926 -0.000000
vn -0.258819 -0.965926 0.000000
vn -0.087156 -0.996195 -0.000000
vn -0.087156 -0.996195 0.000000
vn -0.000000 -1.000000 0.000000
vn 0.000000 -1.000000 -0.000000
vn -0.000000 -1.000000 0.000000
vn 0.000000 -1.000000 -0.000000
vn -0.000000 -1.000000 0.000000
vn 0.000000 -1.000000 -0.000000
vn -0.000000 -1.000000 0.000000
vn 0.000000 -1.000000 0.000000
vn 0.000000 -1.000000 0.000000
vn 0.000000 -1.000000 0.000000
vn 0.000000 -1.000000 0.000000
vn 0.000000 -1.000000 0.000000
vn 0.000000 -1.000000 0.000000
vn 0.000000 -1.000000 0.000000
vn 0.000000 -1.000000 0.000000
vn 0.000000 -1.000000 0.000000
vn 0.000000 -1.000000 0.000000
vn -0.000000 -1.000000 0.000000
vn 0.000000 -1.000000 0.000000
vn -0.000000 -1.000000 0.000000
vn 0.000000 -1.000000 -0.000000
vn 0.000000 -1.000000 0.000000
vn -0.000000 -1.000000 0.000000
vn 0.000000 -1.000000 0.000000
vn -0.000000 -1.000000 0.000000
vn 0.000000 -1.000000 -0.000000
vn -0.000000 -1.000000 0.000000
vn 0.000000 -1.000000 0.000000
vn -0.000000 -1.000000 0.000000
vn 0.000000 -1.000000 -0.000000
vn -0.000000 -1.000000 0.000000
vn -0.000000 -1.000000 0.000000
vn 0.000000 -1.000000 0.000000
vn -0.000000 -1.000000 0.000000
vn 0.000000 -1.000000 0.000000
vn -0.000000 -1.000000 0.000000
vn -0.000000 -1.000000 0.000000
vn 0.000000 -1.000000 0.000000
vn -0.000000 -1.000000 0.000000
vn 0.000000 -1.000000 0.000000
vn 0.000000 -1.000000 0.000000
vn -0.000000 -1.000000 0.000000
vn 0.000000 -1.000000 0.000000
vn -0.000000 -1.000000 0.000000
vn 0.000000 -1.000000 0.000000
vn -0.000000 -1.000000 0.000000
vn 0.000000 -1.000000 -0.000000
vn 0.000000 -1.000000 0.000000
vn 0.000000 -1.000000 0.000000
vn 0.000000 -1.000000 -0.000000
vn -0.000000 -1.000000 0.000000
vn 0.000000 -1.000000 0.000000
vn 0.000000 -1.000000 0.000000
vn 0.000000 -1.000000 -0.000000
vn 0.000000 -1.000000 0.000000
vn -0.000000 -1.000000 0.000000
vn -0.000000 -1.000000 0.000000
vn -0.000000 -1.000000 0.000000
vn 0.000000 -1.000000 0.000000
vn 0.000000 -1.000000 0.000000
vn -0.000000 -1.000000 0.000000
vn -0.000000 -1.000000 0.000000
vn 0.000000 -1.000000 0.000000
vn -0.000000 -1.000000 0.000000
vn 0.000000 -1.000000 0.000000
vn -0.000000 -1.000000 0.000000
vn 0.000000 -1.000000 0.000000
vn 0.000000 -1.000000 0.000000
vn 0.000000 -1.000000 0.000000
vn 0.000000 -1.000000 0.000000
vn 0.000000 -1.000000 0.000000
vn -0.000000 -1.000000 0.000000
vn 0.000000 -1.000000 0.000000
vn -0.000000 -1.000000 0.000000
vn 0.000000 -1.000000 -0.000000
vn -0.000000 -1.000000 -0.000000
vn 0.000000 -1.000000 0.000000
vn 0.000000 -1.000000 0.000000
vn -0.000000 -1.000000 0.000000
vn 0.000000 -1.000000 -0.000000
vn -0.000000 -1.000000 -0.000000
vn -0.000000 -1.000000 0.000000
vn 0.000000 -1.000000 -0.000000
vn -0.000000 -1.000000 -0.000000
vn -0.000000 -1.000000 0.000000
vn 0.000000 -1.000000 0.000000
vn 0.000000 -1.000000 -0.000000
vn -0.000000 -1.000000 0.000000
vn 0.000000 -1.000000 0.000000
vn 0.000000 -1.000000 -0.000000
vn -0.000000 -1.000000 0.000000
vn 0.000000 -1.000000 0.000000
vn 0.000000 -1.000000 -0.000000
vn -0.000000 -1.000000 0.000000
vn 0.000000 -1.000000 0.000000
vn 0.000000 -1.000000 -0.000000
vn 0.000000 -1.000000 0.000000
vn -0.000000 -1.000000 0.000000
vn 0.000000 -1.000000 -0.000000
vn 0.000000 -1.000000 -0.000000
vn 0.000000 -1.000000 -0.000000
vn 0.000000 -1.000000 0.000000
vn 0.000000 -1.000000 0.000000
vn 0.000000 -1.000000 0.000000
vn 0.000000 -1.000000 0.000000
vn 0.000000 -1.000000 0.000000
vn 0.000000 -1.000000 0.000000
vn 0.000000 -1.000000 0.000000
vn 0.000000 -1.000000 0.000000
vn 0.000000 -1.000000 0.000000
vn 0.000000 -1.000000 0.000000
vn 0.000000 -1.000000 0.000000
vn -0.000000 -1.000000 0.000000
vn 0.000000 -1.000000 0.000000
vn -0.992709 -0.120535 0.000000
vn -0.935015 -0.354607 0.000000
vn -0.992709 -0.120535 0.000000
vn -0.822985 -0.568063 0.000000
vn -0.935015 -0.354607 0.000000
vn -0.663121 -0.748513 0.000000
vn -0.822985 -0.568063 0.000000
vn -0.663121 -0.748513 0.000000
vn -0.464723 -0.885456 0.000000
vn -0.239316 -0.970942 0.000000
vn -0.464723 -0.885456 -0.000000
vn -0.239316 -0.970942 0.000000
vn 0.000000 -1.000000 0.000000
vn -0.000000 -1.000000 -0.000000
vn 0.239316 -0.970942 0.000000
vn 0.239316 -0.970942 0.000000
vn 0.464723 -0.885456 0.000000
vn 0.464723 -0.885456 0.000000
vn 0.663121 -0.748513 0.000000
vn 0.663121 -0.748513 0.000000
vn 0.822985 -0.568063 0.000000
vn 0.822985 -0.568063 0.000000
vn 0.935015 -0.354607 0.000000
vn 0.935015 -0.354607 0.000000
vn 0.992709 -0.120535 0.000000
vn 0.992709 -0.120535 0.000000
vn 0.992709 0.120535 0.000000
vn 0.992709 0.120535 0.000000
vn 0.935015 0.354607 0.000000
vn 0.935015 0.354607 0.000000
vn 0.822985 0.568063 0.000000
vn 0.663121 0.748513 -0.000000
vn 0.822985 0.568063 0.000000
vn 0.663121 0.748513 0.000000
vn 0.464723 0.885456 0.000000
vn 0.464723 0.885456 0.000000
vn 0.239316 0.970942 0.000000
vn 0.239316 0.970942 0.000000
vn 0.000000 1.000000 0.000000
vn -0.239316 0.970942 0.000000
vn -0.000000 1.000000 0.000000
vn -0.239316 0.970942 0.000000
vn -0.464723 0.885456 0.000000
vn -0.464723 0.885456 0.000000
vn -0.663121 0.748513 0.000000
vn -0.663121 0.748513 0.000000
vn -0.822985 0.568063 0.000000
vn -0.935015 0.354607 0.000000
vn -0.822985 0.568063 0.000000
vn -0.992709 0.120535 0.000000
vn -0.935015 0.354607 0.000000
vn -0.992709 0.120535 0.000000
vn 0.992709 0.000000 -0.120536
vn 0.992709 0.000000 -0.120536
vn 0.935016 0.000000 -0.354605
vn 0.935016 0.000000 -0.354605
vn 0.822984 0.000000 -0.568065
vn 0.663122 0.000000 -0.748511
vn 0.822984 0.000000 -0.568065
vn 0.663122 0.000000 -0.748511
vn 0.464723 0.000000 -0.885456
vn 0.464723 0.000000 -0.885456
vn 0.239316 0.000000 -0.970942
vn 0.000000 0.000000 -1.000000
vn 0.239316 0.000000 -0.970942
vn 0.000000 0.000000 -1.000000
vn -0.239316 0.000000 -0.970942
vn -0.239316 -0.000000 -0.970942
vn -0.464723 0.000000 -0.885456
vn -0.464723 -0.000000 -0.885456
vn -0.663123 0.000000 -0.748510
vn -0.663123 -0.000000 -0.748510
vn -0.822983 -0.000000 -0.568066
vn -0.822983 0.000000 -0.568066
vn -0.935017 -0.000000 -0.354604
vn -0.935017 0.000000 -0.354604
vn -0.992709 -0.000000 -0.120538
vn -0.992709 0.000000 -0.120538
vn -0.992709 0.000000 0.120538
vn -0.992709 0.000000 0.120538
vn -0.935017 0.000000 0.354604
vn -0.935017 0.000000 0.354604
vn -0.822983 0.000000 0.568066
vn -0.822983 0.000000 0.568066
vn -0.663123 0.000000 0.748510
vn -0.663123 0.000000 0.748510
vn -0.464723 0.000000 0.885456
vn -0.464723 0.000000 0.885456
vn -0.239316 0.000000 0.970942
vn -0.239316 0.000000 0.970942
vn 0.000000 0.000000 1.000000
vn 0.000000 0.000000 1.000000
vn 0.239316 0.000000 0.970942
vn 0.239316 0.000000 0.970942
vn 0.464723 0.000000 0.885456
vn 0.464723 0.000000 0.885456
vn 0.663122 -0.000000 0.748511
vn 0.663122 0.000000 0.748511
vn 0.822984 0.000000 0.568065
vn 0.822984 0.000000 0.568065
vn 0.935016 0.000000 0.354605
vn 0.935016 0.000000 0.354605
vn 0.992709 0.000000 0.120536
vn 0.992709 0.000000 0.120536
vn 0.992709 0.000000 -0.120537
vn 0.992709 0.000000 -0.120537
vn 0.935016 0.000000 -0.354604
vn 0.935016 0.000000 -0.354604
vn 0.822984 0.000000 -0.568065
vn 0.663122 0.000000 -0.748511
vn 0.822984 0.000000 -0.568065
vn 0.663122 0.000000 -0.748511
vn 0.464724 0.000000 -0.885456
vn 0.464724 0.000000 -0.885456
vn 0.239315 0.000000 -0.970942
vn 0.000000 0.000000 -1.000000
vn 0.239315 0.000000 -0.970942
vn 0.000000 0.000000 -1.000000
vn -0.239315 0.000000 -0.970942
vn -0.239315 -0.000000 -0.970942
vn -0.464724 0.000000 -0.885456
vn -0.464724 -0.000000 -0.885456
vn -0.663122 0.000000 -0.748511
vn -0.663122 -0.000000 -0.748511
vn -0.822984 -0.000000 -0.568065
vn -0.822984 0.000000 -0.568065
vn -0.935016 -0.000000 -0.354604
vn -0.935016 0.000000 -0.354604
vn -0.992709 -0.000000 -0.120537
vn -0.992709 0.000000 -0.120537
vn -0.992709 0.000000 0.120537
vn -0.992709 0.000000 0.120537
vn -0.935016 0.000000 0.354604
vn -0.935016 0.000000 0.354604
vn -0.822984 0.000000 0.568065
vn -0.822984 0.000000 0.568065
vn -0.663122 0.000000 0.748511
vn -0.663122 0.000000 0.748511
vn -0.464724 0.000000 0.885456
vn -0.464724 0.000000 0.885456
vn -0.239315 0.000000 0.970942
vn -0.239315 0.000000 0.970942
vn 0.000000 0.000000 1.000000
vn 0.000000 0.000000 1.000000
vn 0.239315 0.000000 0.970942
vn 0.239315 0.000000 0.970942
vn 0.464724 0.000000 0.885456
vn 0.464724 0.000000 0.885456
vn 0.663122 -0.000000 0.748511
vn 0.663122 0.000000 0.748511
vn 0.822984 0.000000 0.568065
vn 0.822984 0.000000 0.568065
vn 0.935016 0.000000 0.354604
vn 0.935016 0.000000 0.354604
vn 0.992709 0.000000 0.120537
vn 0.992709 0.000000 0.120537
vn 0.992709 0.000000 -0.120537
vn 0.992709 0.000000 -0.120537
vn 0.935016 0.000000 -0.354604
vn 0.935016 0.000000 -0.354604
vn 0.822984 0.000000 -0.568065
vn 0.663122 0.000000 -0.748511
vn 0.822984 0.000000 -0.568065
vn 0.663122 0.000000 -0.748511
vn 0.464724 0.000000 -0.885456
vn 0.464724 0.000000 -0.885456
vn 0.239315 0.000000 -0.970942
vn 0.000000 0.000000 -1.000000
vn 0.239315 0.000000 -0.970942
vn 0.000000 0.000000 -1.000000
vn -0.239315 0.000000 -0.970942
vn -0.239315 -0.000000 -0.970942
vn -0.464724 0.000000 -0.885456
vn -0.464724 -0.000000 -0.885456
vn -0.663122 0.000000 -0.748511
vn -0.663122 -0.000000 -0.748511
vn -0.822984 -0.000000 -0.568065
vn -0.822984 0.000000 -0.568065
vn -0.935016 -0.000000 -0.354604
vn -0.935016 0.000000 -0.354604
vn -0.992709 -0.000000 -0.120537
vn -0.992709 0.000000 -0.120537
vn -0.992709 0.000000 0.120537
vn -0.992709 0.000000 0.120537
vn -0.935016 0.000000 0.354604
vn -0.935016 0.000000 0.354604
vn -0.822984 0.000000 0.568065
vn -0.822984 0.000000 0.568065
vn -0.663122 0.000000 0.748511
vn -0.663122 0.000000 0.748511
vn -0.464724 0.000000 0.885456
vn -0.464724 0.000000 0.885456
vn -0.239315 0.000000 0.970942
vn -0.239315 0.000000 0.970942
vn 0.000000 0.000000 1.000000
vn 0.000000 0.000000 1.000000
vn 0.239315 0.000000 0.970942
vn 0.239315 0.000000 0.970942
vn 0.464724 0.000000 0.885456
vn 0.464724 0.000000 0.885456
vn 0.663122 -0.000000 0.748511
vn 0.663122 0.000000 0.748511
vn 0.822984 0.000000 0.568065
vn 0.822984 0.000000 0.568065
vn 0.935016 0.000000 0.354604
vn 0.935016 0.000000 0.354604
vn 0.992709 0.000000 0.120537
vn 0.992709 0.000000 0.120537
vn 0.992709 0.000000 -0.120538
vn 0.992709 0.000000 -0.120538
vn 0.935017 0.000000 -0.354604
vn 0.935017 0.000000 -0.354604
vn 0.822983 0.000000 -0.568066
vn 0.663123 0.000000 -0.748510
vn 0.822983 0.000000 -0.568066
vn 0.663123 0.000000 -0.748510
vn 0.464723 0.000000 -0.885456
vn 0.464723 0.000000 -0.885456
vn 0.239316 0.000000 -0.970942
vn 0.000000 0.000000 -1.000000
vn 0.239316 0.000000 -0.970942
vn 0.000000 0.000000 -1.000000
vn -0.239316 0.000000 -0.970942
vn -0.239316 -0.000000 -0.970942
vn -0.464723 0.000000 -0.885456
vn -0.464723 -0.000000 -0.885456
vn -0.663122 0.000000 -0.748511
vn -0.663122 -0.000000 -0.748511
vn -0.822984 -0.000000 -0.568065
vn -0.822984 0.000000 -0.568065
vn -0.935016 -0.000000 -0.354605
vn -0.935016 0.000000 -0.354605
vn -0.992709 -0.000000 -0.120536
vn -0.992709 0.000000 -0.120536
vn -0.992709 0.000000 0.120536
vn -0.992709 0.000000 0.120536
vn -0.935016 0.000000 0.354605
vn -0.935016 0.000000 0.354605
vn -0.822984 0.000000 0.568065
vn -0.822984 0.000000 0.568065
vn -0.663122 0.000000 0.748511
vn -0.663122 0.000000 0.748511
vn -0.464723 0.000000 0.885456
vn -0.464723 0.000000 0.885456
vn -0.239316 0.000000 0.970942
vn -0.239316 0.000000 0.970942
vn 0.000000 0.000000 1.000000
vn 0.000000 0.000000 1.000000
vn 0.239316 0.000000 0.970942
vn 0.239316 0.000000 0.970942
vn 0.464723 0.000000 0.885456
vn 0.464723 0.000000 0.885456
vn 0.663123 -0.000000 0.748510
vn 0.663123 0.000000 0.748510
vn 0.822983 0.000000 0.568066
vn 0.822983 0.000000 0.568066
vn 0.935017 0.000000 0.354604
vn 0.935017 0.000000 0.354604
vn 0.992709 0.000000 0.120538
vn 0.992709 0.000000 0.120538
vn -0.992709 0.000000 -0.120536
vn -0.992709 0.000000 -0.120536
vn -0.935015 0.000000 -0.354607
vn -0.935015 0.000000 -0.354607
vn -0.822986 0.000000 -0.568062
vn -0.822986 0.000000 -0.568062
vn -0.663121 0.000000 -0.748513
vn -0.663121 0.000000 -0.748513
vn -0.464726 0.000000 -0.885455
vn -0.464726 0.000000 -0.885455
vn -0.239319 0.000000 -0.970941
vn -0.239319 0.000000 -0.970941
vn -0.000000 0.000000 -1.000000
vn 0.000000 0.000000 -1.000000
vn 0.239319 0.000000 -0.970941
vn 0.239319 0.000000 -0.970941
vn 0.464726 0.000000 -0.885455
vn 0.464726 0.000000 -0.885455
vn 0.663121 0.000000 -0.748513
vn 0.663121 0.000000 -0.748513
vn 0.822986 0.000000 -0.568062
vn 0.935015 0.000000 -0.354607
vn 0.822986 0.000000 -0.568062
vn 0.935015 0.000000 -0.354607
vn 0.992709 0.000000 -0.120536
vn 0.992709 0.000000 -0.120536
vn 0.992709 0.000000 0.120536
vn 0.992709 0.000000 0.120536
vn 0.935016 -0.000000 0.354605
vn 0.935016 0.000000 0.354605
vn 0.822984 0.000000 0.568065
vn 0.822984 0.000000 0.568065
vn 0.663124 -0.000000 0.748509
vn 0.663124 0.000000 0.748509
vn 0.464721 -0.000000 0.885457
vn 0.464721 0.000000 0.885457
vn 0.239319 -0.000000 0.970941
vn 0.239319 0.000000 0.970941
vn -0.000000 0.000000 1.000000
vn 0.000000 0.000000 1.000000
vn -0.239319 0.000000 0.970941
vn -0.239319 0.000000 0.970941
vn -0.464721 0.000000 0.885457
vn -0.464721 0.000000 0.885457
vn -0.663124 0.000000 0.748509
vn -0.663124 0.000000 0.748509
vn -0.822984 0.000000 0.568065
vn -0.822984 0.000000 0.568065
vn -0.935016 0.000000 0.354605
vn -0.935016 0.000000 0.354605
vn -0.992709 0.000000 0.120536
vn -0.992709 0.000000 0.120536
vn -0.997332 0.000000 -0.072995
vn -0.997332 0.000000 -0.072995
vn -0.976076 0.000000 -0.217430
vn -0.976076 0.000000 -0.217430
vn -0.934016 0.000000 -0.357231
vn -0.934016 0.000000 -0.357231
vn -0.872049 -0.000000 -0.489418
vn -0.872049 0.000000 -0.489418
vn -0.791496 0.000000 -0.611174
vn -0.791496 0.000000 -0.611174
vn -0.694074 0.000000 -0.719904
vn -0.694074 0.000000 -0.719904
vn -0.581859 0.000000 -0.813290
vn -0.581859 0.000000 -0.813290
vn -0.457242 0.000000 -0.889342
vn -0.457242 0.000000 -0.889342
vn -0.322881 0.000000 -0.946440
vn -0.322881 0.000000 -0.946440
vn -0.181637 0.000000 -0.983366
vn -0.181637 0.000000 -0.983366
vn -0.036523 0.000000 -0.999333
vn -0.036523 0.000000 -0.999333
vn 0.109372 0.000000 -0.994001
vn 0.109372 0.000000 -0.994001
vn 0.252933 0.000000 -0.967484
vn 0.252933 0.000000 -0.967484
vn 0.391105 0.000000 -0.920346
vn 0.391105 0.000000 -0.920346
vn 0.520940 0.000000 -0.853593
vn 0.520940 0.000000 -0.853593
vn 0.639673 0.000000 -0.768647
vn 0.639673 0.000000 -0.768647
vn 0.744772 0.000000 -0.667319
vn 0.744772 0.000000 -0.667319
vn 0.833998 0.000000 -0.551768
vn 0.833998 0.000000 -0.551768
vn 0.905448 0.000000 -0.424456
vn 0.905448 0.000000 -0.424456
vn 0.957601 0.000000 -0.288099
vn 0.957601 0.000000 -0.288099
vn 0.989343 0.000000 -0.145601
vn 0.989343 0.000000 -0.145601
vn 1.000000 0.000000 0.000000
vn 1.000000 -0.000000 0.000000
vn 0.989343 0.000000 0.145601
vn 0.989343 -0.000000 0.145601
vn 0.957601 0.000000 0.288099
vn 0.905448 0.000000 0.424457
vn 0.957601 -0.000000 0.288099
vn 0.905448 0.000000 0.424457
vn 0.833998 0.000000 0.551768
vn 0.744772 0.000000 0.667319
vn 0.833998 -0.000000 0.551768
vn 0.639673 0.000000 0.768647
vn 0.744772 0.000000 0.667319
vn 0.639673 0.000000 0.768647
vn 0.520941 -0.000000 0.853593
vn 0.520941 0.000000 0.853593
vn 0.391104 -0.000000 0.920346
vn 0.391104 0.000000 0.920346
vn 0.252934 -0.000000 0.967484
vn 0.252934 0.000000 0.967484
vn 0.109371 0.000000 0.994001
vn 0.109371 0.000000 0.994001
vn -0.036522 0.000000 0.999333
vn -0.036522 0.000000 0.999333
vn -0.181637 0.000000 0.983366
vn -0.181637 0.000000 0.983366
vn -0.322880 0.000000 0.946440
vn -0.322880 0.000000 0.946440
vn -0.457243 0.000000 0.889342
vn -0.457243 0.000000 0.889342
vn -0.581859 0.000000 0.813290
vn -0.581859 0.000000 0.813290
vn -0.694074 0.000000 0.719904
vn -0.694074 0.000000 0.719904
vn -0.791497 0.000000 0.611174
vn -0.791497 0.000000 0.611174
vn -0.872049 0.000000 0.489418
vn -0.872049 0.000000 0.489418
vn -0.934016 0.000000 0.357231
vn -0.934016 0.000000 0.357231
vn -0.976076 0.000000 0.217430
vn -0.976076 0.000000 0.217430
vn -0.997332 0.000000 0.072995
vn -0.997332 0.000000 0.072995
vn -0.992709 0.000000 -0.120536
vn -0.992709 0.000000 -0.120536
vn -0.935016 0.000000 -0.354605
vn -0.822984 -0.000000 -0.568065
vn -0.935016 0.000000 -0.354605
vn -0.822984 0.000000 -0.568065
vn -0.663122 0.000000 -0.748511
vn -0.464723 -0.000000 -0.885456
vn -0.663122 0.000000 -0.748511
vn -0.464723 0.000000 -0.885456
vn -0.239316 0.000000 -0.970942
vn -0.239316 0.000000 -0.970942
vn -0.000000 0.000000 -1.000000
vn 0.000000 0.000000 -1.000000
vn 0.239316 0.000000 -0.970942
vn 0.239316 0.000000 -0.970942
vn 0.464723 0.000000 -0.885456
vn 0.464723 0.000000 -0.885456
vn 0.663122 0.000000 -0.748511
vn 0.663122 0.000000 -0.748511
vn 0.822984 0.000000 -0.568065
vn 0.822984 0.000000 -0.568065
vn 0.935016 0.000000 -0.354605
vn 0.935016 0.000000 -0.354605
vn 0.992709 0.000000 -0.120536
vn 0.992709 0.000000 -0.120536
vn 0.992709 -0.000000 0.120536
vn 0.992709 0.000000 0.120536
vn 0.935016 -0.000000 0.354605
vn 0.935016 0.000000 0.354605
vn 0.822984 -0.000000 0.568065
vn 0.822984 0.000000 0.568065
vn 0.663123 -0.000000 0.748510
vn 0.663123 0.000000 0.748510
vn 0.464723 -0.000000 0.885456
vn 0.464723 0.000000 0.885456
vn 0.239316 0.000000 0.970942
vn 0.239316 0.000000 0.970942
vn 0.000000 0.000000 1.000000
vn -0.000000 0.000000 1.000000
vn -0.239316 0.000000 0.970942
vn -0.239316 0.000000 0.970942
vn -0.464723 0.000000 0.885456
vn -0.464723 0.000000 0.885456
vn -0.663123 0.000000 0.748510
vn -0.663123 0.000000 0.748510
vn -0.822984 0.000000 0.568065
vn -0.822984 0.000000 0.568065
vn -0.935016 0.000000 0.354605
vn -0.992709 0.000000 0.120536
vn -0.935016 0.000000 0.354605
vn -0.992709 0.000000 0.120536
vn 0.000000 0.000000 1.000000
vn 0.000000 0.000000 1.000000
vn 0.000000 0.000000 1.000000
vn 0.000000 0.000000 1.000000
vn 0.000000 0.000000 1.000000
vn 0.000000 0.000000 1.000000
vn 0.000000 0.000000 1.000000
vn 0.000000 0.000000 1.000000
vn 0.000000 0.000000 1.000000
vn 0.000000 0.000000 1.000000
vn 0.000000 0.000000 1.000000
vn 0.000000 0.000000 1.000000
vn 0.000000 0.000000 1.000000
vn 0.000000 0.000000 1.000000
vn 0.000000 0.000000 1.000000
vn 0.000000 0.000000 1.000000
vn 0.000000 0.000000 1.000000
vn 0.000000 0.000000 1.000000
vn 0.000000 0.000000 1.000000
vn 0.000000 0.000000 1.000000
vn 0.000000 0.000000 1.000000
vn 0.000000 0.000000 1.000000
vn 0.000000 0.000000 1.000000
vn 0.000000 0.000000 1.000000
vn 0.000000 0.000000 1.000000
vn 0.000000 0.000000 1.000000
vn 0.000000 0.000000 1.000000
vn 0.000000 0.000000 1.000000
vn 0.000000 0.000000 1.000000
vn 0.000000 0.000000 1.000000
vn 0.000000 0.000000 1.000000
vn 0.000000 0.000000 1.000000
vn 0.000000 0.000000 1.000000
vn 0.000000 0.000000 1.000000
vn 0.000000 0.000000 1.000000
vn 0.000000 0.000000 1.000000
vn 0.000000 0.000000 1.000000
vn 0.000000 0.000000 1.000000
vn 0.000000 0.000000 1.000000
vn 0.000000 0.000000 1.000000
vn 0.000000 0.000000 1.000000
vn 0.000000 0.000000 1.000000
vn 0.000000 0.000000 1.000000
vn 0.000000 0.000000 1.000000
vn 0.000000 0.000000 1.000000
vn 0.000000 0.000000 1.000000
vn 0.000000 0.000000 1.000000
vn 0.000000 0.000000 1.000000
vn 0.000000 0.000000 1.000000
vn 0.000000 0.000000 1.000000
vn 0.000000 0.000000 1.000000
vn 0.000000 0.000000 1.000000
vn 0.000000 0.000000 1.000000
vn 0.000000 0.000000 1.000000
vn 0.000000 0.000000 1.000000
vn 0.000000 0.000000 1.000000
vn 0.000000 0.000000 1.000000
vn 0.000000 0.000000 1.000000
vn 0.000000 0.000000 1.000000
vn 0.000000 0.000000 1.000000
vn 0.000000 0.000000 1.000000
vn 0.000000 0.000000 1.000000
vn 0.000000 0.000000 1.000000
vn 0.000000 0.000000 1.000000
vn 0.000000 0.000000 1.000000
vn 0.000000 0.000000 1.000000
vn 0.000000 0.000000 1.000000
vn 0.000000 0.000000 1.000000
vn 0.000000 0.000000 1.000000
vn 0.000000 0.000000 1.000000
vn 0.000000 0.000000 1.000000
vn 0.000000 0.000000 1.000000
vn 0.000000 0.000000 1.000000
vn 0.000000 0.000000 1.000000
vn 0.000000 0.000000 1.000000
vn 0.000000 0.000000 1.000000
vn 0.000000 0.000000 1.000000
vn 0.000000 0.000000 1.000000
vn 0.000000 0.000000 1.000000
vn 0.000000 0.000000 1.000000
vn 0.000000 0.000000 1.000000
vn 0.000000 0.000000 1.000000
vn 0.000000 0.000000 1.000000
vn 0.000000 0.000000 1.000000
vn 0.000000 0.000000 1.000000
vn 0.000000 0.000000 1.000000
vn 0.000000 0.000000 1.000000
vn 0.000000 0.000000 1.000000
vn 0.000000 0.000000 1.000000
vn 0.000000 0.000000 1.000000
vn 0.000000 0.000000 1.000000
vn 0.000000 0.000000 1.000000
vn 0.000000 0.000000 1.000000
vn 0.000000 0.000000 1.000000
vn 0.000000 0.000000 1.000000
vn 0.000000 0.000000 1.000000
vn 0.000000 0.000000 1.000000
vn 0.000000 0.000000 1.000000
vn 0.000000 0.000000 1.000000
vn 0.000000 0.000000 1.000000
vn 0.000000 0.000000 1.000000
vn 0.000000 0.000000 1.000000
vn 0.000000 0.000000 1.000000
vn 0.000000 0.000000 1.000000
vn 0.000000 0.000000 1.000000
vn 0.000000 0.000000 1.000000
vn 0.000000 0.000000 1.000000
vn 0.000000 0.000000 1.000000
vn 0.000000 0.000000 1.000000
vn 0.000000 0.000000 1.000000
vn 0.000000 0.000000 1.000000
vn 0.000000 0.000000 1.000000
vn 0.000000 0.000000 1.000000
vn 0.000000 0.000000 1.000000
vn 0.000000 0.000000 1.000000
vn 0.000000 0.000000 1.000000
vn 0.000000 0.000000 1.000000
vn 0.000000 0.000000 1.000000
vn 0.000000 0.000000 1.000000
vn 0.000000 0.000000 1.000000
vn 0.000000 0.000000 1.000000
vn 0.000000 0.000000 1.000000
vn 0.000000 0.000000 1.000000
vn 0.000000 0.000000 1.000000
vn 0.000000 0.000000 1.000000
vn 0.000000 0.000000 1.000000
vn 0.000000 0.000000 1.000000
vn 0.000000 0.000000 1.000000
vn 0.000000 0.000000 1.000000
vn 0.000000 0.000000 1.000000
vn 0.000000 0.000000 1.000000
vn 0.000000 0.000000 1.000000
vn 0.000000 0.000000 1.000000
vn 0.000000 0.000000 1.000000
f 1//1 2//1 3//1
f 3//2 2//2 4//2
f 5//3 6//3 7//3
f 8//4 9//4 10//4
f 10//5 9//5 5//5
f 5//6 9//6 6//6
f 6//7 2//7 11//7
f 9//8 2//8 6//8
f 12//9 13//9 14//9
f 15//10 13//10 12//10
f 14//11 16//11 1//11
f 13//12 16//12 14//12
f 16//13 17//13 1//13
f 1//14 18//14 2//14
f 2//15 18//15 11//15
f 17//16 18//16 1//16
f 19//17 20//17 21//17
f 20//18 22//18 23//18
f 19//19 22//19 20//19
f 22//20 24//20 25//20
f 25//21 24//21 26//21
f 19//22 24//22 22//22
f 11//23 27//23 19//23
f 24//24 27//24 28//24
f 18//25 27//25 11//25
f 19//26 27//26 24//26
f 29//27 30//27 27//27
f 28//28 30//28 31//28
f 27//29 30//29 28//29
f 32//30 33//30 29//30
f 33//31 34//31 29//31
f 29//32 34//32 30//32
f 1//33 35//33 14//33
f 14//34 35//34 12//34
f 3//35 35//35 1//35
f 12//36 36//36 15//36
f 35//37 36//37 12//37
f 36//38 37//38 15//38
f 15//39 38//39 13//39
f 37//40 38//40 15//40
f 13//41 39//41 16//41
f 16//42 39//42 17//42
f 38//43 39//43 13//43
f 39//44 40//44 17//44
f 17//45 41//45 18//45
f 40//46 41//46 17//46
f 42//47 2//47 9//47
f 42//48 9//48 8//48
f 42//49 4//49 2//49
f 43//50 8//50 10//50
f 43//51 42//51 8//51
f 44//52 43//52 10//52
f 45//53 10//53 5//53
f 45//54 44//54 10//54
f 46//55 5//55 7//55
f 46//56 7//56 6//56
f 46//57 45//57 5//57
f 47//58 46//58 6//58
f 48//59 6//59 11//59
f 48//60 47//60 6//60
f 49//61 44//61 45//61
f 50//62 45//62 46//62
f 50//63 49//63 45//63
f 51//64 43//64 44//64
f 51//65 44//65 49//65
f 52//66 46//66 47//66
f 52//67 50//67 46//67
f 53//68 42//68 43//68
f 53//69 43//69 51//69
f 54//70 47//70 48//70
f 54//71 52//71 47//71
f 55//72 4//72 42//72
f 55//73 42//73 53//73
f 56//74 54//74 48//74
f 57//75 4//75 55//75
f 58//76 56//76 48//76
f 59//77 4//77 57//77
f 60//78 58//78 48//78
f 61//79 4//79 59//79
f 62//80 60//80 48//80
f 62//81 63//81 60//81
f 62//82 64//82 63//82
f 65//83 4//83 61//83
f 65//84 66//84 67//84
f 65//85 61//85 66//85
f 68//86 64//86 62//86
f 68//87 69//87 64//87
f 70//88 67//88 71//88
f 70//89 65//89 67//89
f 72//90 73//90 74//90
f 72//91 69//91 68//91
f 72//92 74//92 69//92
f 75//93 70//93 71//93
f 75//94 71//94 76//94
f 77//95 76//95 78//95
f 77//96 75//96 76//96
f 79//97 73//97 72//97
f 79//98 80//98 73//98
f 81//99 80//99 79//99
f 81//100 82//100 80//100
f 83//101 77//101 78//101
f 83//102 84//102 82//102
f 83//103 78//103 84//103
f 83//104 82//104 81//104
f 85//105 4//105 65//105
f 3//106 4//106 85//106
f 86//107 3//107 85//107
f 87//108 86//108 85//108
f 88//109 3//109 86//109
f 89//110 85//110 90//110
f 89//111 87//111 85//111
f 91//112 3//112 88//112
f 92//113 90//113 93//113
f 92//114 89//114 90//114
f 94//115 35//115 3//115
f 94//116 3//116 91//116
f 95//117 93//117 96//117
f 95//118 92//118 93//118
f 97//119 36//119 35//119
f 97//120 35//120 94//120
f 98//121 95//121 96//121
f 99//122 36//122 97//122
f 100//123 98//123 96//123
f 37//124 36//124 99//124
f 101//125 98//125 100//125
f 102//126 37//126 99//126
f 103//127 101//127 100//127
f 38//128 37//128 102//128
f 38//129 102//129 104//129
f 105//130 103//130 100//130
f 106//131 103//131 105//131
f 39//132 38//132 104//132
f 39//133 104//133 107//133
f 108//134 109//134 106//134
f 108//135 106//135 105//135
f 40//136 39//136 107//136
f 40//137 107//137 110//137
f 111//138 112//138 109//138
f 111//139 109//139 108//139
f 111//140 113//140 112//140
f 41//141 40//141 110//141
f 41//142 114//142 115//142
f 41//143 116//143 114//143
f 41//144 110//144 116//144
f 117//145 113//145 111//145
f 117//146 118//146 113//146
f 119//147 41//147 115//147
f 119//148 118//148 117//148
f 119//149 120//149 118//149
f 119//150 115//150 120//150
f 121//151 62//151 48//151
f 122//152 121//152 48//152
f 123//153 121//153 122//153
f 123//154 124//154 121//154
f 125//155 126//155 121//155
f 125//156 121//156 124//156
f 127//157 123//157 122//157
f 128//158 129//158 126//158
f 128//159 126//159 125//159
f 130//160 127//160 122//160
f 131//161 129//161 128//161
f 132//162 122//162 133//162
f 132//163 130//163 122//163
f 134//164 135//164 129//164
f 134//165 129//165 131//165
f 136//166 133//166 137//166
f 136//167 132//167 133//167
f 138//168 135//168 134//168
f 139//169 135//169 138//169
f 140//170 137//170 141//170
f 140//171 136//171 137//171
f 142//172 139//172 138//172
f 143//173 140//173 141//173
f 144//174 143//174 141//174
f 145//175 142//175 146//175
f 145//176 139//176 142//176
f 147//177 143//177 144//177
f 148//178 145//178 146//178
f 149//179 150//179 147//179
f 149//180 147//180 144//180
f 151//181 148//181 152//181
f 151//182 145//182 148//182
f 153//183 150//183 149//183
f 153//184 154//184 150//184
f 155//185 151//185 152//185
f 155//186 152//186 156//186
f 157//187 154//187 153//187
f 157//188 158//188 154//188
f 157//189 159//189 158//189
f 157//190 160//190 159//190
f 161//191 155//191 156//191
f 161//192 156//192 162//192
f 163//193 160//193 157//193
f 163//194 161//194 162//194
f 163//195 164//195 160//195
f 163//196 162//196 164//196
f 165//197 166//197 167//197
f 168//198 165//198 167//198
f 169//199 170//199 166//199
f 169//200 166//200 165//200
f 171//201 163//201 157//201
f 172//202 167//202 173//202
f 172//203 168//203 167//203
f 174//204 170//204 169//204
f 174//205 175//205 170//205
f 176//206 173//206 177//206
f 176//207 172//207 173//207
f 178//208 175//208 174//208
f 179//209 177//209 180//209
f 179//210 176//210 177//210
f 181//211 182//211 175//211
f 181//212 175//212 178//212
f 183//213 180//213 171//213
f 183//214 179//214 180//214
f 184//215 185//215 182//215
f 184//216 182//216 181//216
f 186//217 183//217 171//217
f 187//218 185//218 184//218
f 188//219 186//219 171//219
f 189//220 185//220 187//220
f 190//221 171//221 157//221
f 190//222 191//222 188//222
f 190//223 192//223 191//223
f 190//224 193//224 192//224
f 190//225 188//225 171//225
f 194//226 195//226 196//226
f 194//227 197//227 195//227
f 194//228 189//228 197//228
f 194//229 185//229 189//229
f 198//230 196//230 199//230
f 198//231 194//231 196//231
f 200//232 201//232 193//232
f 200//233 193//233 190//233
f 202//234 198//234 199//234
f 202//235 199//235 203//235
f 204//236 205//236 201//236
f 204//237 201//237 200//237
f 206//238 202//238 203//238
f 206//239 203//239 207//239
f 208//240 205//240 204//240
f 208//241 207//241 205//241
f 208//242 206//242 207//242
f 194//243 41//243 119//243
f 194//244 119//244 185//244
f 209//245 210//245 194//245
f 194//246 211//246 209//246
f 210//247 212//247 194//247
f 194//248 213//248 211//248
f 212//249 214//249 194//249
f 194//250 215//250 213//250
f 214//251 216//251 194//251
f 216//252 217//252 194//252
f 215//253 27//253 218//253
f 218//254 27//254 219//254
f 219//255 27//255 220//255
f 220//256 27//256 221//256
f 221//257 27//257 222//257
f 222//258 27//258 223//258
f 223//259 27//259 224//259
f 194//260 27//260 215//260
f 27//261 225//261 224//261
f 226//262 227//262 228//262
f 229//263 227//263 226//263
f 230//264 231//264 232//264
f 232//265 231//265 226//265
f 226//266 231//266 229//266
f 228//267 233//267 217//267
f 217//268 233//268 194//268
f 227//269 233//269 228//269
f 230//270 234//270 231//270
f 233//271 235//271 194//271
f 236//272 237//272 230//272
f 230//273 237//273 234//273
f 235//274 238//274 194//274
f 239//275 240//275 236//275
f 236//276 240//276 237//276
f 241//277 242//277 239//277
f 239//278 242//278 240//278
f 243//279 244//279 241//279
f 241//280 244//280 242//280
f 245//281 246//281 243//281
f 243//282 246//282 244//282
f 225//283 247//283 245//283
f 27//284 247//284 225//284
f 245//285 247//285 246//285
f 27//286 248//286 247//286
f 27//287 249//287 248//287
f 250//288 251//288 252//288
f 252//289 253//289 254//289
f 254//290 253//290 255//290
f 251//291 253//291 252//291
f 250//292 256//292 251//292
f 253//293 257//293 255//293
f 250//294 258//294 256//294
f 259//295 258//295 250//295
f 257//296 260//296 255//296
f 255//297 260//297 238//297
f 238//298 260//298 194//298
f 261//299 262//299 259//299
f 259//300 262//300 258//300
f 261//301 263//301 262//301
f 264//302 263//302 261//302
f 264//303 265//303 263//303
f 266//304 265//304 264//304
f 266//305 267//305 265//305
f 268//306 267//306 266//306
f 268//307 269//307 267//307
f 270//308 269//308 268//308
f 270//309 271//309 269//309
f 272//310 271//310 270//310
f 272//311 273//311 271//311
f 249//312 273//312 272//312
f 274//313 275//313 276//313
f 275//314 277//314 276//314
f 276//315 277//315 278//315
f 274//316 279//316 275//316
f 278//317 280//317 281//317
f 277//318 280//318 278//318
f 281//319 41//319 282//319
f 282//320 41//320 260//320
f 260//321 41//321 194//321
f 280//322 41//322 281//322
f 283//323 284//323 274//323
f 274//324 284//324 279//324
f 280//325 285//325 41//325
f 283//326 286//326 284//326
f 287//327 286//327 283//327
f 288//328 286//328 287//328
f 285//329 289//329 41//329
f 288//330 290//330 286//330
f 289//331 291//331 41//331
f 292//332 293//332 288//332
f 288//333 293//333 290//333
f 291//334 294//334 41//334
f 292//335 295//335 293//335
f 296//336 295//336 292//336
f 294//337 297//337 41//337
f 298//338 299//338 296//338
f 296//339 299//339 295//339
f 297//340 300//340 41//340
f 301//341 302//341 298//341
f 298//342 302//342 299//342
f 300//343 303//343 41//343
f 303//344 304//344 41//344
f 302//345 18//345 305//345
f 305//346 18//346 306//346
f 306//347 18//347 307//347
f 307//348 18//348 308//348
f 308//349 18//349 309//349
f 309//350 18//350 310//350
f 310//351 18//351 311//351
f 311//352 18//352 304//352
f 304//353 18//353 41//353
f 273//354 18//354 312//354
f 312//355 18//355 301//355
f 301//356 18//356 302//356
f 27//357 18//357 249//357
f 249//358 18//358 273//358
f 313//359 314//359 48//359
f 48//360 315//360 313//360
f 314//361 316//361 48//361
f 48//362 317//362 315//362
f 316//363 318//363 48//363
f 48//364 319//364 317//364
f 318//365 320//365 48//365
f 48//366 321//366 319//366
f 322//367 323//367 324//367
f 324//368 323//368 325//368
f 325//369 323//369 326//369
f 327//370 328//370 329//370
f 329//371 328//371 322//371
f 322//372 328//372 323//372
f 326//373 330//373 331//373
f 331//374 330//374 332//374
f 332//375 330//375 333//375
f 323//376 330//376 326//376
f 334//377 335//377 336//377
f 336//378 335//378 327//378
f 327//379 335//379 328//379
f 337//380 338//380 339//380
f 333//381 338//381 337//381
f 330//382 338//382 333//382
f 321//383 340//383 334//383
f 334//384 340//384 335//384
f 339//385 341//385 342//385
f 342//386 341//386 343//386
f 338//387 341//387 339//387
f 48//388 344//388 321//388
f 321//389 344//389 340//389
f 343//390 345//390 346//390
f 341//391 345//391 343//391
f 48//392 347//392 344//392
f 346//393 348//393 349//393
f 345//394 348//394 346//394
f 11//395 350//395 48//395
f 48//396 350//396 347//396
f 349//397 351//397 320//397
f 348//398 351//398 349//398
f 11//399 352//399 350//399
f 11//400 353//400 352//400
f 11//401 354//401 353//401
f 11//402 355//402 354//402
f 11//403 356//403 355//403
f 11//404 357//404 356//404
f 11//405 358//405 357//405
f 11//406 359//406 358//406
f 11//407 360//407 359//407
f 361//408 362//408 363//408
f 362//409 364//409 363//409
f 361//410 365//410 362//410
f 364//411 366//411 363//411
f 361//412 367//412 365//412
f 366//413 368//413 363//413
f 363//414 368//414 369//414
f 361//415 370//415 367//415
f 371//416 370//416 361//416
f 368//417 372//417 369//417
f 371//418 373//418 370//418
f 372//419 374//419 369//419
f 369//420 374//420 375//420
f 371//421 376//421 373//421
f 377//422 376//422 371//422
f 374//423 378//423 375//423
f 377//424 379//424 376//424
f 378//425 380//425 375//425
f 375//426 380//426 381//426
f 377//427 382//427 379//427
f 383//428 382//428 377//428
f 380//429 384//429 381//429
f 385//430 386//430 383//430
f 383//431 386//431 382//431
f 381//432 387//432 388//432
f 384//433 387//433 381//433
f 320//434 122//434 48//434
f 389//435 122//435 390//435
f 390//436 122//436 391//436
f 391//437 122//437 392//437
f 392//438 122//438 393//438
f 393//439 122//439 394//439
f 394//440 122//440 395//440
f 395//441 122//441 396//441
f 396//442 122//442 397//442
f 397//443 122//443 398//443
f 398//444 122//444 351//444
f 351//445 122//445 320//445
f 389//446 19//446 122//446
f 388//447 19//447 399//447
f 399//448 19//448 389//448
f 400//449 19//449 387//449
f 387//450 19//450 388//450
f 401//451 19//451 402//451
f 402//452 19//452 403//452
f 403//453 19//453 404//453
f 404//454 19//454 405//454
f 405//455 19//455 406//455
f 406//456 19//456 400//456
f 11//457 19//457 407//457
f 11//458 407//458 386//458
f 11//459 386//459 385//459
f 11//460 385//460 360//460
f 407//461 19//461 401//461
f 27//462 198//462 29//462
f 29//463 198//463 32//463
f 194//464 198//464 27//464
f 32//465 202//465 33//465
f 198//466 202//466 32//466
f 202//467 206//467 33//467
f 33//468 208//468 34//468
f 206//469 208//469 33//469
f 34//470 204//470 30//470
f 30//471 204//471 31//471
f 208//472 204//472 34//472
f 204//473 200//473 31//473
f 31//474 190//474 28//474
f 200//475 190//475 31//475
f 133//476 19//476 21//476
f 133//477 21//477 20//477
f 133//478 122//478 19//478
f 137//479 20//479 23//479
f 137//480 133//480 20//480
f 141//481 137//481 23//481
f 144//482 23//482 22//482
f 144//483 141//483 23//483
f 149//484 22//484 25//484
f 149//485 25//485 26//485
f 149//486 144//486 22//486
f 153//487 149//487 26//487
f 157//488 26//488 24//488
f 157//489 153//489 26//489
f 24//490 28//490 157//490
f 157//491 28//491 190//491
f 408//492 74//492 409//492
f 409//493 73//493 410//493
f 74//494 73//494 409//494
f 410//495 80//495 411//495
f 73//496 80//496 410//496
f 411//497 82//497 412//497
f 80//498 82//498 411//498
f 82//499 84//499 412//499
f 412//500 78//500 413//500
f 413//501 78//501 414//501
f 84//502 78//502 412//502
f 78//503 76//503 414//503
f 414//504 71//504 415//504
f 76//505 71//505 414//505
f 415//506 67//506 416//506
f 71//507 67//507 415//507
f 416//508 66//508 417//508
f 67//509 66//509 416//509
f 417//510 61//510 418//510
f 66//511 61//511 417//511
f 61//512 59//512 418//512
f 418//513 59//513 419//513
f 59//514 57//514 419//514
f 419//515 57//515 420//515
f 57//516 55//516 420//516
f 420//517 55//517 421//517
f 421//518 53//518 422//518
f 55//519 53//519 421//519
f 422//520 51//520 423//520
f 53//521 51//521 422//521
f 423//522 49//522 424//522
f 424//523 49//523 425//523
f 51//524 49//524 423//524
f 49//525 50//525 425//525
f 425//526 52//526 426//526
f 50//527 52//527 425//527
f 426//528 54//528 427//528
f 52//529 54//529 426//529
f 427//530 56//530 428//530
f 428//531 56//531 429//531
f 54//532 56//532 427//532
f 56//533 58//533 429//533
f 429//534 60//534 430//534
f 58//535 60//535 429//535
f 430//536 63//536 431//536
f 60//537 63//537 430//537
f 431//538 64//538 432//538
f 432//539 64//539 433//539
f 63//540 64//540 431//540
f 433//541 69//541 408//541
f 64//542 69//542 433//542
f 69//543 74//543 408//543
f 434//544 154//544 435//544
f 435//545 158//545 436//545
f 154//546 158//546 435//546
f 436//547 159//547 437//547
f 158//548 159//548 436//548
f 437//549 160//549 438//549
f 159//550 160//550 437//550
f 160//551 164//551 438//551
f 438//552 162//552 439//552
f 439//553 162//553 440//553
f 164//554 162//554 438//554
f 162//555 156//555 440//555
f 440//556 152//556 441//556
f 156//557 152//557 440//557
f 441//558 148//558 442//558
f 152//559 148//559 441//559
f 442//560 146//560 443//560
f 148//561 146//561 442//561
f 443//562 142//562 444//562
f 146//563 142//563 443//563
f 142//564 138//564 444//564
f 444//565 138//565 445//565
f 138//566 134//566 445//566
f 445//567 134//567 446//567
f 134//568 131//568 446//568
f 446//569 131//569 447//569
f 447//570 128//570 448//570
f 131//571 128//571 447//571
f 448//572 125//572 449//572
f 128//573 125//573 448//573
f 449//574 124//574 450//574
f 450//575 124//575 451//575
f 125//576 124//576 449//576
f 124//577 123//577 451//577
f 451//578 127//578 452//578
f 123//579 127//579 451//579
f 452//580 130//580 453//580
f 127//581 130//581 452//581
f 453//582 132//582 454//582
f 454//583 132//583 455//583
f 130//584 132//584 453//584
f 132//585 136//585 455//585
f 455//586 140//586 456//586
f 136//587 140//587 455//587
f 456//588 143//588 457//588
f 140//589 143//589 456//589
f 457//590 147//590 458//590
f 458//591 147//591 459//591
f 143//592 147//592 457//592
f 459//593 150//593 434//593
f 147//594 150//594 459//594
f 150//595 154//595 434//595
f 460//596 112//596 461//596
f 461//597 113//597 462//597
f 112//598 113//598 461//598
f 462//599 118//599 463//599
f 113//600 118//600 462//600
f 463//601 120//601 464//601
f 118//602 120//602 463//602
f 120//603 115//603 464//603
f 464//604 114//604 465//604
f 465//605 114//605 466//605
f 115//606 114//606 464//606
f 114//607 116//607 466//607
f 466//608 110//608 467//608
f 116//609 110//609 466//609
f 467//610 107//610 468//610
f 110//611 107//611 467//611
f 468//612 104//612 469//612
f 107//613 104//613 468//613
f 469//614 102//614 470//614
f 104//615 102//615 469//615
f 102//616 99//616 470//616
f 470//617 99//617 471//617
f 99//618 97//618 471//618
f 471//619 97//619 472//619
f 97//620 94//620 472//620
f 472//621 94//621 473//621
f 473//622 91//622 474//622
f 94//623 91//623 473//623
f 474//624 88//624 475//624
f 91//625 88//625 474//625
f 475//626 86//626 476//626
f 476//627 86//627 477//627
f 88//628 86//628 475//628
f 86//629 87//629 477//629
f 477//630 89//630 478//630
f 87//631 89//631 477//631
f 478//632 92//632 479//632
f 89//633 92//633 478//633
f 479//634 95//634 480//634
f 480//635 95//635 481//635
f 92//636 95//636 479//636
f 95//637 98//637 481//637
f 481//638 101//638 482//638
f 98//639 101//639 481//639
f 482//640 103//640 483//640
f 101//641 103//641 482//641
f 483//642 106//642 484//642
f 484//643 106//643 485//643
f 103//644 106//644 483//644
f 485//645 109//645 460//645
f 106//646 109//646 485//646
f 109//647 112//647 460//647
f 90//648 85//648 486//648
f 90//649 486//649 487//649
f 93//650 487//650 488//650
f 93//651 90//651 487//651
f 96//652 488//652 489//652
f 96//653 93//653 488//653
f 100//654 489//654 490//654
f 100//655 490//655 491//655
f 100//656 96//656 489//656
f 105//657 100//657 491//657
f 108//658 491//658 492//658
f 108//659 105//659 491//659
f 111//660 492//660 493//660
f 111//661 108//661 492//661
f 117//662 493//662 494//662
f 117//663 111//663 493//663
f 119//664 494//664 495//664
f 119//665 117//665 494//665
f 85//666 65//666 496//666
f 85//667 496//667 486//667
f 68//668 62//668 497//668
f 68//669 497//669 498//669
f 72//670 498//670 499//670
f 72//671 499//671 500//671
f 72//672 68//672 498//672
f 79//673 72//673 500//673
f 81//674 500//674 501//674
f 81//675 501//675 502//675
f 81//676 79//676 500//676
f 83//677 81//677 502//677
f 77//678 502//678 503//678
f 77//679 83//679 502//679
f 75//680 503//680 504//680
f 75//681 77//681 503//681
f 70//682 504//682 505//682
f 70//683 75//683 504//683
f 65//684 505//684 496//684
f 65//685 70//685 505//685
f 506//686 507//686 508//686
f 509//687 508//687 507//687
f 510//688 506//688 508//688
f 511//689 508//689 509//689
f 512//690 510//690 508//690
f 513//691 508//691 511//691
f 514//692 512//692 508//692
f 515//693 508//693 513//693
f 516//694 517//694 518//694
f 516//695 518//695 519//695
f 520//696 519//696 521//696
f 520//697 521//697 522//697
f 520//698 522//698 523//698
f 520//699 516//699 519//699
f 524//700 525//700 526//700
f 524//701 526//701 517//701
f 524//702 517//702 516//702
f 527//703 523//703 528//703
f 527//704 528//704 529//704
f 527//705 529//705 530//705
f 527//706 520//706 523//706
f 531//707 515//707 532//707
f 531//708 532//708 525//708
f 531//709 525//709 524//709
f 533//710 530//710 534//710
f 533//711 534//711 535//711
f 533//712 527//712 530//712
f 536//713 508//713 515//713
f 536//714 515//714 531//714
f 537//715 535//715 538//715
f 537//716 538//716 539//716
f 537//717 533//717 535//717
f 540//718 508//718 536//718
f 541//719 539//719 542//719
f 541//720 537//720 539//720
f 543//721 121//721 508//721
f 543//722 508//722 540//722
f 544//723 542//723 514//723
f 544//724 541//724 542//724
f 545//725 121//725 543//725
f 546//726 121//726 545//726
f 547//727 121//727 546//727
f 548//728 121//728 547//728
f 549//729 121//729 548//729
f 550//730 121//730 549//730
f 551//731 121//731 550//731
f 552//732 121//732 551//732
f 553//733 121//733 552//733
f 554//734 555//734 556//734
f 554//735 556//735 557//735
f 558//736 556//736 555//736
f 559//737 554//737 557//737
f 560//738 556//738 558//738
f 560//739 561//739 556//739
f 562//740 559//740 557//740
f 563//741 561//741 560//741
f 564//742 557//742 565//742
f 564//743 562//743 557//743
f 566//744 567//744 561//744
f 566//745 561//745 563//745
f 568//746 564//746 565//746
f 569//747 567//747 566//747
f 570//748 565//748 571//748
f 570//749 568//749 565//749
f 572//750 573//750 567//750
f 572//751 567//751 569//751
f 574//752 570//752 571//752
f 575//753 573//753 572//753
f 575//754 576//754 573//754
f 577//755 574//755 571//755
f 577//756 571//756 578//756
f 579//757 576//757 575//757
f 579//758 580//758 576//758
f 581//759 577//759 578//759
f 581//760 578//760 582//760
f 497//761 514//761 508//761
f 497//762 544//762 514//762
f 497//763 583//763 584//763
f 497//764 584//764 585//764
f 497//765 585//765 586//765
f 497//766 586//766 587//766
f 497//767 587//767 588//767
f 497//768 588//768 589//768
f 497//769 589//769 590//769
f 497//770 590//770 591//770
f 497//771 591//771 592//771
f 497//772 592//772 593//772
f 497//773 593//773 544//773
f 62//774 582//774 583//774
f 62//775 581//775 582//775
f 62//776 594//776 595//776
f 62//777 583//777 497//777
f 62//778 595//778 596//778
f 62//779 596//779 597//779
f 62//780 597//780 598//780
f 62//781 598//781 599//781
f 62//782 599//782 600//782
f 62//783 600//783 581//783
f 62//784 121//784 601//784
f 601//785 121//785 579//785
f 579//786 121//786 580//786
f 580//787 121//787 553//787
f 62//788 601//788 594//788
f 161//789 163//789 602//789
f 161//790 602//790 603//790
f 155//791 603//791 604//791
f 155//792 161//792 603//792
f 151//793 604//793 605//793
f 151//794 605//794 606//794
f 151//795 155//795 604//795
f 145//796 151//796 606//796
f 139//797 606//797 607//797
f 139//798 607//798 608//798
f 139//799 145//799 606//799
f 135//800 139//800 608//800
f 129//801 608//801 609//801
f 129//802 609//802 610//802
f 129//803 135//803 608//803
f 126//804 129//804 610//804
f 121//805 610//805 508//805
f 121//806 126//806 610//806
f 163//807 171//807 611//807
f 163//808 611//808 602//808
f 182//809 185//809 612//809
f 182//810 612//810 613//810
f 175//811 613//811 614//811
f 175//812 182//812 613//812
f 170//813 614//813 615//813
f 170//814 175//814 614//814
f 166//815 615//815 616//815
f 166//816 616//816 617//816
f 166//817 170//817 615//817
f 167//818 166//818 617//818
f 173//819 617//819 618//819
f 173//820 167//820 617//820
f 177//821 618//821 619//821
f 177//822 173//822 618//822
f 180//823 619//823 620//823
f 180//824 177//824 619//824
f 171//825 620//825 611//825
f 171//826 180//826 620//826
f 621//827 622//827 495//827
f 623//828 495//828 622//828
f 624//829 621//829 495//829
f 625//830 495//830 623//830
f 626//831 624//831 495//831
f 627//832 495//832 625//832
f 628//833 626//833 495//833
f 629//834 628//834 495//834
f 119//835 627//835 630//835
f 119//836 630//836 631//836
f 119//837 631//837 632//837
f 119//838 632//838 633//838
f 119//839 633//839 634//839
f 119//840 634//840 635//840
f 119//841 635//841 636//841
f 119//842 636//842 637//842
f 119//843 495//843 627//843
f 638//844 639//844 640//844
f 641//845 638//845 640//845
f 642//846 643//846 639//846
f 642//847 639//847 638//847
f 644//848 640//848 629//848
f 644//849 629//849 495//849
f 644//850 641//850 640//850
f 645//851 646//851 643//851
f 645//852 643//852 642//852
f 647//853 644//853 495//853
f 648//854 649//854 650//854
f 648//855 650//855 646//855
f 648//856 646//856 645//856
f 651//857 647//857 495//857
f 652//858 649//858 648//858
f 653//859 654//859 655//859
f 653//860 655//860 649//860
f 653//861 649//861 652//861
f 656//862 654//862 653//862
f 657//863 658//863 654//863
f 657//864 654//864 656//864
f 659//865 637//865 658//865
f 659//866 119//866 637//866
f 659//867 658//867 657//867
f 660//868 119//868 659//868
f 661//869 119//869 660//869
f 662//870 663//870 664//870
f 665//871 662//871 664//871
f 666//872 667//872 663//872
f 666//873 663//873 662//873
f 668//874 664//874 669//874
f 668//875 665//875 664//875
f 670//876 667//876 666//876
f 670//877 671//877 667//877
f 672//878 668//878 669//878
f 672//879 669//879 651//879
f 673//880 671//880 670//880
f 673//881 674//881 675//881
f 673//882 675//882 671//882
f 676//883 674//883 673//883
f 677//884 678//884 674//884
f 677//885 674//885 676//885
f 679//886 678//886 677//886
f 679//887 680//887 678//887
f 681//888 682//888 680//888
f 681//889 680//889 679//889
f 683//890 684//890 682//890
f 683//891 682//891 681//891
f 685//892 661//892 684//892
f 685//893 684//893 683//893
f 612//894 672//894 651//894
f 612//895 651//895 495//895
f 612//896 686//896 687//896
f 612//897 687//897 672//897
f 688//898 689//898 690//898
f 691//899 688//899 690//899
f 692//900 693//900 689//900
f 692//901 689//901 688//901
f 694//902 686//902 612//902
f 694//903 690//903 686//903
f 694//904 691//904 690//904
f 695//905 696//905 693//905
f 695//906 693//906 692//906
f 697//907 694//907 612//907
f 698//908 699//908 696//908
f 698//909 696//909 695//909
f 700//910 697//910 612//910
f 701//911 702//911 699//911
f 701//912 699//912 698//912
f 703//913 700//913 612//913
f 704//914 705//914 702//914
f 704//915 702//915 701//915
f 706//916 703//916 612//916
f 707//917 708//917 705//917
f 707//918 705//918 704//918
f 709//919 706//919 612//919
f 710//920 711//920 708//920
f 710//921 708//921 707//921
f 712//922 709//922 612//922
f 713//923 711//923 710//923
f 713//924 714//924 711//924
f 715//925 712//925 612//925
f 716//926 715//926 612//926
f 185//927 716//927 612//927
f 185//928 714//928 713//928
f 185//929 685//929 717//929
f 185//930 717//930 714//930
f 185//931 713//931 718//931
f 185//932 718//932 719//932
f 185//933 719//933 720//933
f 185//934 720//934 721//934
f 185//935 721//935 722//935
f 185//936 722//936 723//936
f 185//937 723//937 724//937
f 185//938 724//938 716//938
f 185//939 119//939 661//939
f 185//940 661//940 685//940
f 725//941 193//941 726//941
f 726//942 201//942 727//942
f 193//943 201//943 726//943
f 727//944 205//944 728//944
f 201//945 205//945 727//945
f 728//946 207//946 729//946
f 205//947 207//947 728//947
f 207//948 203//948 729//948
f 729//949 199//949 730//949
f 730//950 199//950 731//950
f 203//951 199//951 729//951
f 199//952 196//952 731//952
f 731//953 195//953 732//953
f 196//954 195//954 731//954
f 732//955 197//955 733//955
f 195//956 197//956 732//956
f 733//957 189//957 734//957
f 197//958 189//958 733//958
f 734//959 187//959 735//959
f 189//960 187//960 734//960
f 187//961 184//961 735//961
f 735//962 184//962 736//962
f 184//963 181//963 736//963
f 736//964 181//964 737//964
f 181//965 178//965 737//965
f 737//966 178//966 738//966
f 738//967 174//967 739//967
f 178//968 174//968 738//968
f 739//969 169//969 740//969
f 174//970 169//970 739//970
f 740//971 165//971 741//971
f 741//972 165//972 742//972
f 169//973 165//973 740//973
f 165//974 168//974 742//974
f 742//975 172//975 743//975
f 168//976 172//976 742//976
f 743//977 176//977 744//977
f 172//978 176//978 743//978
f 744//979 179//979 745//979
f 745//980 179//980 746//980
f 176//981 179//981 744//981
f 179//982 183//982 746//982
f 746//983 186//983 747//983
f 183//984 186//984 746//984
f 747//985 188//985 748//985
f 186//986 188//986 747//986
f 748//987 191//987 749//987
f 749//988 191//988 750//988
f 188//989 191//989 748//989
f 750//990 192//990 725//990
f 191//991 192//991 750//991
f 192//992 193//992 725//992
f 236//993 230//993 698//993
f 698//994 230//994 701//994
f 701//995 232//995 704//995
f 230//996 232//996 701//996
f 704//997 226//997 707//997
f 707//998 226//998 710//998
f 232//999 226//999 704//999
f 226//1000 228//1000 710//1000
f 710//1001 217//1001 713//1001
f 228//1002 217//1002 710//1002
f 713//1003 216//1003 718//1003
f 718//1004 216//1004 719//1004
f 217//1005 216//1005 713//1005
f 216//1006 214//1006 719//1006
f 719//1007 212//1007 720//1007
f 214//1008 212//1008 719//1008
f 720//1009 210//1009 721//1009
f 212//1010 210//1010 720//1010
f 721//1011 209//1011 722//1011
f 210//1012 209//1012 721//1012
f 209//1013 211//1013 722//1013
f 722//1014 211//1014 723//1014
f 211//1015 213//1015 723//1015
f 723//1016 213//1016 724//1016
f 213//1017 215//1017 724//1017
f 724//1018 215//1018 716//1018
f 716//1019 215//1019 715//1019
f 215//1020 218//1020 715//1020
f 218//1021 219//1021 715//1021
f 715//1022 219//1022 712//1022
f 712//1023 219//1023 709//1023
f 219//1024 220//1024 709//1024
f 220//1025 221//1025 709//1025
f 709//1026 221//1026 706//1026
f 221//1027 222//1027 706//1027
f 706//1028 222//1028 703//1028
f 703//1029 222//1029 700//1029
f 222//1030 223//1030 700//1030
f 223//1031 224//1031 700//1031
f 700//1032 224//1032 697//1032
f 224//1033 225//1033 697//1033
f 697//1034 225//1034 694//1034
f 225//1035 245//1035 694//1035
f 694//1036 245//1036 691//1036
f 691//1037 245//1037 688//1037
f 245//1038 243//1038 688//1038
f 688//1039 241//1039 692//1039
f 243//1040 241//1040 688//1040
f 692//1041 239//1041 695//1041
f 241//1042 239//1042 692//1042
f 695//1043 236//1043 698//1043
f 239//1044 236//1044 695//1044
f 261//1045 259//1045 673//1045
f 673//1046 259//1046 676//1046
f 676//1047 250//1047 677//1047
f 259//1048 250//1048 676//1048
f 677//1049 252//1049 679//1049
f 679//1050 252//1050 681//1050
f 250//1051 252//1051 677//1051
f 252//1052 254//1052 681//1052
f 681//1053 255//1053 683//1053
f 254//1054 255//1054 681//1054
f 683//1055 238//1055 685//1055
f 685//1056 238//1056 717//1056
f 255//1057 238//1057 683//1057
f 238//1058 235//1058 717//1058
f 717//1059 233//1059 714//1059
f 235//1060 233//1060 717//1060
f 714//1061 227//1061 711//1061
f 233//1062 227//1062 714//1062
f 711//1063 229//1063 708//1063
f 227//1064 229//1064 711//1064
f 229//1065 231//1065 708//1065
f 708//1066 231//1066 705//1066
f 231//1067 234//1067 705//1067
f 705//1068 234//1068 702//1068
f 234//1069 237//1069 702//1069
f 702//1070 237//1070 699//1070
f 699//1071 237//1071 696//1071
f 237//1072 240//1072 696//1072
f 240//1073 242//1073 696//1073
f 696//1074 242//1074 693//1074
f 693//1075 242//1075 689//1075
f 242//1076 244//1076 689//1076
f 244//1077 246//1077 689//1077
f 689//1078 246//1078 690//1078
f 246//1079 247//1079 690//1079
f 690//1080 247//1080 686//1080
f 686//1081 247//1081 687//1081
f 247//1082 248//1082 687//1082
f 248//1083 249//1083 687//1083
f 687//1084 249//1084 672//1084
f 249//1085 272//1085 672//1085
f 672//1086 272//1086 668//1086
f 272//1087 270//1087 668//1087
f 668//1088 270//1088 665//1088
f 665//1089 270//1089 662//1089
f 270//1090 268//1090 662//1090
f 662//1091 266//1091 666//1091
f 268//1092 266//1092 662//1092
f 666//1093 264//1093 670//1093
f 266//1094 264//1094 666//1094
f 670//1095 261//1095 673//1095
f 264//1096 261//1096 670//1096
f 287//1097 283//1097 648//1097
f 648//1098 283//1098 652//1098
f 652//1099 274//1099 653//1099
f 283//1100 274//1100 652//1100
f 653//1101 276//1101 656//1101
f 656//1102 276//1102 657//1102
f 274//1103 276//1103 653//1103
f 276//1104 278//1104 657//1104
f 657//1105 281//1105 659//1105
f 278//1106 281//1106 657//1106
f 659//1107 282//1107 660//1107
f 660//1108 282//1108 661//1108
f 281//1109 282//1109 659//1109
f 282//1110 260//1110 661//1110
f 661//1111 257//1111 684//1111
f 260//1112 257//1112 661//1112
f 684//1113 253//1113 682//1113
f 257//1114 253//1114 684//1114
f 682//1115 251//1115 680//1115
f 253//1116 251//1116 682//1116
f 251//1117 256//1117 680//1117
f 680//1118 256//1118 678//1118
f 256//1119 258//1119 678//1119
f 678//1120 258//1120 674//1120
f 258//1121 262//1121 674//1121
f 674//1122 262//1122 675//1122
f 675//1123 262//1123 671//1123
f 262//1124 263//1124 671//1124
f 263//1125 265//1125 671//1125
f 671//1126 265//1126 667//1126
f 667//1127 265//1127 663//1127
f 265//1128 267//1128 663//1128
f 267//1129 269//1129 663//1129
f 663//1130 269//1130 664//1130
f 269//1131 271//1131 664//1131
f 664//1132 271//1132 669//1132
f 669//1133 271//1133 651//1133
f 271//1134 273//1134 651//1134
f 273//1135 312//1135 651//1135
f 651//1136 312//1136 647//1136
f 312//1137 301//1137 647//1137
f 647//1138 301//1138 644//1138
f 301//1139 298//1139 644//1139
f 644//1140 298//1140 641//1140
f 641//1141 298//1141 638//1141
f 298//1142 296//1142 638//1142
f 638//1143 292//1143 642//1143
f 296//1144 292//1144 638//1144
f 642//1145 288//1145 645//1145
f 292//1146 288//1146 642//1146
f 645//1147 287//1147 648//1147
f 288//1148 287//1148 645//1148
f 304//1149 303//1149 627//1149
f 627//1150 303//1150 630//1150
f 630//1151 300//1151 631//1151
f 303//1152 300//1152 630//1152
f 631//1153 297//1153 632//1153
f 632//1154 297//1154 633//1154
f 300//1155 297//1155 631//1155
f 297//1156 294//1156 633//1156
f 633//1157 291//1157 634//1157
f 294//1158 291//1158 633//1158
f 634//1159 289//1159 635//1159
f 635//1160 289//1160 636//1160
f 291//1161 289//1161 634//1161
f 289//1162 285//1162 636//1162
f 636//1163 280//1163 637//1163
f 285//1164 280//1164 636//1164
f 637//1165 277//1165 658//1165
f 280//1166 277//1166 637//1166
f 658//1167 275//1167 654//1167
f 277//1168 275//1168 658//1168
f 275//1169 279//1169 654//1169
f 654//1170 279//1170 655//1170
f 279//1171 284//1171 655//1171
f 655//1172 284//1172 649//1172
f 284//1173 286//1173 649//1173
f 649//1174 286//1174 650//1174
f 650//1175 286//1175 646//1175
f 286//1176 290//1176 646//1176
f 290//1177 293//1177 646//1177
f 646//1178 293//1178 643//1178
f 643//1179 293//1179 639//1179
f 293//1180 295//1180 639//1180
f 295//1181 299//1181 639//1181
f 639//1182 299//1182 640//1182
f 299//1183 302//1183 640//1183
f 640//1184 302//1184 629//1184
f 629//1185 302//1185 628//1185
f 302//1186 305//1186 628//1186
f 305//1187 306//1187 628//1187
f 628//1188 306//1188 626//1188
f 306//1189 307//1189 626//1189
f 626//1190 307//1190 624//1190
f 307//1191 308//1191 624//1191
f 624//1192 308//1192 621//1192
f 621//1193 308//1193 622//1193
f 308//1194 309//1194 622//1194
f 622//1195 310//1195 623//1195
f 309//1196 310//1196 622//1196
f 623//1197 311//1197 625//1197
f 310//1198 311//1198 623//1198
f 625//1199 304//1199 627//1199
f 311//1200 304//1200 625//1200
f 337//1201 339//1201 563//1201
f 563//1202 339//1202 566//1202
f 566//1203 342//1203 569//1203
f 339//1204 342//1204 566//1204
f 569//1205 343//1205 572//1205
f 342//1206 343//1206 569//1206
f 572//1207 346//1207 575//1207
f 343//1208 346//1208 572//1208
f 575//1209 349//1209 579//1209
f 346//1210 349//1210 575//1210
f 579//1211 320//1211 601//1211
f 349//1212 320//1212 579//1212
f 601//1213 318//1213 594//1213
f 320//1214 318//1214 601//1214
f 594//1215 316//1215 595//1215
f 318//1216 316//1216 594//1216
f 595//1217 314//1217 596//1217
f 316//1218 314//1218 595//1218
f 596//1219 313//1219 597//1219
f 314//1220 313//1220 596//1220
f 597//1221 315//1221 598//1221
f 598//1222 315//1222 599//1222
f 313//1223 315//1223 597//1223
f 315//1224 317//1224 599//1224
f 599//1225 317//1225 600//1225
f 317//1226 319//1226 600//1226
f 600//1227 319//1227 581//1227
f 319//1228 321//1228 581//1228
f 321//1229 334//1229 581//1229
f 581//1230 334//1230 577//1230
f 577//1231 334//1231 574//1231
f 334//1232 336//1232 574//1232
f 336//1233 327//1233 574//1233
f 574//1234 327//1234 570//1234
f 327//1235 329//1235 570//1235
f 570//1236 329//1236 568//1236
f 329//1237 322//1237 568//1237
f 568//1238 322//1238 564//1238
f 564//1239 322//1239 562//1239
f 322//1240 324//1240 562//1240
f 324//1241 325//1241 562//1241
f 562//1242 325//1242 559//1242
f 325//1243 326//1243 559//1243
f 559//1244 326//1244 554//1244
f 326//1245 331//1245 554//1245
f 554//1246 331//1246 555//1246
f 555//1247 332//1247 558//1247
f 331//1248 332//1248 555//1248
f 558//1249 333//1249 560//1249
f 332//1250 333//1250 558//1250
f 560//1251 337//1251 563//1251
f 333//1252 337//1252 560//1252
f 389//1253 390//1253 543//1253
f 543//1254 390//1254 545//1254
f 545//1255 391//1255 546//1255
f 390//1256 391//1256 545//1256
f 391//1257 392//1257 546//1257
f 546//1258 392//1258 547//1258
f 547//1259 392//1259 548//1259
f 392//1260 393//1260 548//1260
f 393//1261 394//1261 548//1261
f 548//1262 394//1262 549//1262
f 394//1263 395//1263 549//1263
f 549//1264 395//1264 550//1264
f 395//1265 396//1265 550//1265
f 550//1266 396//1266 551//1266
f 396//1267 397//1267 551//1267
f 551//1268 397//1268 552//1268
f 397//1269 398//1269 552//1269
f 552//1270 398//1270 553//1270
f 398//1271 351//1271 553//1271
f 553//1272 351//1272 580//1272
f 351//1273 348//1273 580//1273
f 580//1274 348//1274 576//1274
f 576//1275 348//1275 573//1275
f 348//1276 345//1276 573//1276
f 345//1277 341//1277 573//1277
f 573//1278 341//1278 567//1278
f 341//1279 338//1279 567//1279
f 567//1280 338//1280 561//1280
f 338//1281 330//1281 561//1281
f 561//1282 330//1282 556//1282
f 556//1283 330//1283 557//1283
f 330//1284 323//1284 557//1284
f 323//1285 328//1285 557//1285
f 557//1286 328//1286 565//1286
f 565//1287 335//1287 571//1287
f 328//1288 335//1288 565//1288
f 335//1289 340//1289 571//1289
f 571//1290 340//1290 578//1290
f 578//1291 344//1291 582//1291
f 340//1292 344//1292 578//1292
f 582//1293 347//1293 583//1293
f 344//1294 347//1294 582//1294
f 583//1295 350//1295 584//1295
f 347//1296 350//1296 583//1296
f 584//1297 352//1297 585//1297
f 350//1298 352//1298 584//1298
f 585//1299 353//1299 586//1299
f 586//1300 353//1300 587//1300
f 352//1301 353//1301 585//1301
f 353//1302 354//1302 587//1302
f 587//1303 355//1303 588//1303
f 588//1304 355//1304 589//1304
f 354//1305 355//1305 587//1305
f 589//1306 356//1306 590//1306
f 355//1307 356//1307 589//1307
f 356//1308 357//1308 590//1308
f 357//1309 358//1309 590//1309
f 590//1310 358//1310 591//1310
f 358//1311 359//1311 591//1311
f 591//1312 359//1312 592//1312
f 359//1313 360//1313 592//1313
f 592//1314 360//1314 593//1314
f 593//1315 360//1315 544//1315
f 360//1316 385//1316 544//1316
f 544//1317 385//1317 541//1317
f 385//1318 383//1318 541//1318
f 383//1319 377//1319 541//1319
f 541//1320 377//1320 537//1320
f 377//1321 371//1321 537//1321
f 537//1322 371//1322 533//1322
f 533//1323 371//1323 527//1323
f 371//1324 361//1324 527//1324
f 361//1325 363//1325 527//1325
f 527//1326 363//1326 520//1326
f 363//1327 369//1327 520//1327
f 520//1328 369//1328 516//1328
f 369//1329 375//1329 516//1329
f 516//1330 375//1330 524//1330
f 524//1331 375//1331 531//1331
f 375//1332 381//1332 531//1332
f 531//1333 381//1333 536//1333
f 381//1334 388//1334 536//1334
f 388//1335 399//1335 536//1335
f 536//1336 399//1336 540//1336
f 399//1337 389//1337 540//1337
f 540//1338 389//1338 543//1338
f 400//1339 387//1339 513//1339
f 513//1340 387//1340 515//1340
f 515//1341 384//1341 532//1341
f 532//1342 384//1342 525//1342
f 387//1343 384//1343 515//1343
f 384//1344 380//1344 525//1344
f 525//1345 378//1345 526//1345
f 526//1346 378//1346 517//1346
f 380//1347 378//1347 525//1347
f 378//1348 374//1348 517//1348
f 517//1349 372//1349 518//1349
f 374//1350 372//1350 517//1350
f 518//1351 368//1351 519//1351
f 372//1352 368//1352 518//1352
f 519//1353 366//1353 521//1353
f 368//1354 366//1354 519//1354
f 521//1355 364//1355 522//1355
f 366//1356 364//1356 521//1356
f 522//1357 362//1357 523//1357
f 364//1358 362//1358 522//1358
f 523//1359 365//1359 528//1359
f 362//1360 365//1360 523//1360
f 365//1361 367//1361 528//1361
f 528//1362 367//1362 529//1362
f 367//1363 370//1363 529//1363
f 529//1364 370//1364 530//1364
f 370//1365 373//1365 530//1365
f 530//1366 373//1366 534//1366
f 373//1367 376//1367 534//1367
f 534//1368 376//1368 535//1368
f 376//1369 379//1369 535//1369
f 535//1370 379//1370 538//1370
f 379//1371 382//1371 538//1371
f 538//1372 382//1372 539//1372
f 382//1373 386//1373 539//1373
f 539//1374 386//1374 542//1374
f 542//1375 386//1375 514//1375
f 386//1376 407//1376 514//1376
f 407//1377 401//1377 514//1377
f 514//1378 401//1378 512//1378
f 401//1379 402//1379 512//1379
f 512//1380 402//1380 510//1380
f 402//1381 403//1381 510//1381
f 510//1382 403//1382 506//1382
f 403//1383 404//1383 506//1383
f 506//1384 404//1384 507//1384
f 507//1385 404//1385 509//1385
f 404//1386 405//1386 509//1386
f 509//1387 406//1387 511//1387
f 511//1388 406//1388 513//1388
f 405//1389 406//1389 509//1389
f 406//1390 400//1390 513//1390
f 423//1391 424//1391 425//1391
f 430//1392 427//1392 428//1392
f 430//1393 428//1393 429//1393
f 418//1394 419//1394 420//1394
f 418//1395 420//1395 421//1395
f 418//1396 421//1396 422//1396
f 418//1397 422//1397 423//1397
f 432//1398 430//1398 431//1398
f 416//1399 417//1399 418//1399
f 415//1400 416//1400 418//1400
f 408//1401 432//1401 433//1401
f 408//1402 430//1402 432//1402
f 410//1403 408//1403 409//1403
f 411//1404 412//1404 413//1404
f 411//1405 413//1405 414//1405
f 411//1406 414//1406 415//1406
f 411//1407 425//1407 426//1407
f 411//1408 426//1408 427//1408
f 411//1409 423//1409 425//1409
f 411//1410 418//1410 423//1410
f 411//1411 427//1411 430//1411
f 411//1412 415//1412 418//1412
f 411//1413 430//1413 408//1413
f 411//1414 408//1414 410//1414
f 449//1415 450//1415 451//1415
f 456//1416 453//1416 454//1416
f 456//1417 454//1417 455//1417
f 444//1418 445//1418 446//1418
f 444//1419 446//1419 447//1419
f 444//1420 447//1420 448//1420
f 444//1421 448//1421 449//1421
f 458//1422 456//1422 457//1422
f 442//1423 443//1423 444//1423
f 441//1424 442//1424 444//1424
f 434//1425 458//1425 459//1425
f 434//1426 456//1426 458//1426
f 436//1427 434//1427 435//1427
f 437//1428 438//1428 439//1428
f 437//1429 439//1429 440//1429
f 437//1430 440//1430 441//1430
f 437//1431 451//1431 452//1431
f 437//1432 452//1432 453//1432
f 437//1433 449//1433 451//1433
f 437//1434 444//1434 449//1434
f 437//1435 453//1435 456//1435
f 437//1436 441//1436 444//1436
f 437//1437 456//1437 434//1437
f 437//1438 434//1438 436//1438
f 475//1439 476//1439 477//1439
f 482//1440 479//1440 480//1440
f 482//1441 480//1441 481//1441
f 470//1442 471//1442 472//1442
f 470//1443 472//1443 473//1443
f 470//1444 473//1444 474//1444
f 470//1445 474//1445 475//1445
f 484//1446 482//1446 483//1446
f 468//1447 469//1447 470//1447
f 467//1448 468//1448 470//1448
f 460//1449 484//1449 485//1449
f 460//1450 482//1450 484//1450
f 462//1451 460//1451 461//1451
f 463//1452 464//1452 465//1452
f 463//1453 465//1453 466//1453
f 463//1454 466//1454 467//1454
f 463//1455 477//1455 478//1455
f 463//1456 478//1456 479//1456
f 463//1457 475//1457 477//1457
f 463//1458 470//1458 475//1458
f 463//1459 479//1459 482//1459
f 463//1460 467//1460 470//1460
f 463//1461 482//1461 460//1461
f 463//1462 460//1462 462//1462
f 486//1463 496//1463 505//1463
f 487//1464 505//1464 504//1464
f 487//1465 486//1465 505//1465
f 488//1466 504//1466 503//1466
f 488//1467 487//1467 504//1467
f 489//1468 503//1468 502//1468
f 489//1469 488//1469 503//1469
f 490//1470 502//1470 501//1470
f 490//1471 489//1471 502//1471
f 491//1472 501//1472 500//1472
f 491//1473 490//1473 501//1473
f 492//1474 491//1474 500//1474
f 508//1475 498//1475 497//1475
f 610//1476 499//1476 498//1476
f 610//1477 498//1477 508//1477
f 609//1478 500//1478 499//1478
f 609//1479 499//1479 610//1479
f 608//1480 492//1480 500//1480
f 608//1481 500//1481 609//1481
f 616//1482 608//1482 607//1482
f 617//1483 616//1483 607//1483
f 617//1484 607//1484 606//1484
f 618//1485 617//1485 606//1485
f 618//1486 606//1486 605//1486
f 615//1487 608//1487 616//1487
f 615//1488 493//1488 492//1488
f 615//1489 492//1489 608//1489
f 619//1490 618//1490 605//1490
f 619//1491 605//1491 604//1491
f 614//1492 494//1492 493//1492
f 614//1493 493//1493 615//1493
f 620//1494 619//1494 604//1494
f 620//1495 604//1495 603//1495
f 613//1496 494//1496 614//1496
f 612//1497 495//1497 494//1497
f 612//1498 494//1498 613//1498
f 611//1499 620//1499 603//1499
f 611//1500 603//1500 602//1500
f 740//1501 741//1501 742//1501
f 747//1502 744//1502 745//1502
f 747//1503 745//1503 746//1503
f 735//1504 736//1504 737//1504
f 735//1505 737//1505 738//1505
f 735//1506 738//1506 739//1506
f 735//1507 739//1507 740//1507
f 749//1508 747//1508 748//1508
f 733//1509 734//1509 735//1509
f 732//1510 733//1510 735//1510
f 725//1511 749//1511 750//1511
f 725//1512 747//1512 749//1512
f 727//1513 725//1513 726//1513
f 728//1514 729//1514 730//1514
f 728//1515 730//1515 731//1515
f 728//1516 731//1516 732//1516
f 728//1517 742//1517 743//1517
f 728//1518 743//1518 744//1518
f 728//1519 740//1519 742//1519
f 728//1520 735//1520 740//1520
f 728//1521 744//1521 747//1521
f 728//1522 732//1522 735//1522
f 728//1523 747//1523 725//1523
f 728//1524 725//1524 727//1524
