# Created by FreeCAD <https://www.freecad.org>
v -25.563663 -17.246979 -35.000000
v -25.246979 -17.563663 -35.000000
v -24.867767 -17.801937 -35.000000
v -25.801937 -16.867767 -35.000000
v -24.445042 -17.949856 -35.000000
v -43.000000 -0.000000 -35.000000
v -25.949856 -16.445042 -35.000000
v -24.000000 -18.000000 -35.000000
v -26.000000 -16.000000 -35.000000
v -10.000000 -18.000000 -35.000000
v -26.000000 -0.000000 -35.000000
v 8.815851 -33.492027 -35.000000
v 9.221854 -33.851715 -35.000000
v 8.507724 -33.045628 -35.000000
v 9.702139 -34.103786 -35.000000
v 8.315381 -32.538460 -35.000000
v 10.228792 -34.233597 -35.000000
v -9.132233 -17.801937 -35.000000
v 8.250000 -32.000000 -35.000000
v -9.554958 -17.949856 -35.000000
v -8.753020 -17.563663 -35.000000
v 8.315381 -31.461540 -35.000000
v 10.228792 -29.766405 -35.000000
v 11.203378 -28.162073 -35.000000
v 10.771208 -29.766405 -35.000000
v 11.297861 -29.896214 -35.000000
v 12.518123 -29.381977 -35.000000
v 11.778146 -30.148287 -35.000000
v 12.184149 -30.507975 -35.000000
v 8.815851 -30.507975 -35.000000
v 10.085135 -26.759840 -35.000000
v 9.221854 -30.148287 -35.000000
v 9.702139 -29.896214 -35.000000
v 14.000000 -30.392305 -35.000000
v 12.492276 -30.954372 -35.000000
v 12.684619 -31.461540 -35.000000
v 12.750000 -32.000000 -35.000000
v 8.507724 -30.954372 -35.000000
v 9.188374 -25.206604 -35.000000
v 15.615908 -31.170485 -35.000000
v 12.684619 -32.538460 -35.000000
v 12.492276 -33.045628 -35.000000
v 8.533126 -23.537062 -35.000000
v 17.329748 -31.699135 -35.000000
v 12.184149 -33.492027 -35.000000
v -8.198062 -16.867767 -35.000000
v 8.134030 -21.788507 -35.000000
v -8.436337 -17.246979 -35.000000
v 19.103239 -31.966446 -35.000000
v 11.778146 -33.851715 -35.000000
v 11.297861 -34.103786 -35.000000
v -8.050144 -16.445042 -35.000000
v 8.000000 -20.000000 -35.000000
v 20.896761 -31.966446 -35.000000
v -8.000000 -16.000000 -35.000000
v 8.134030 -18.211493 -35.000000
v 8.533126 -16.462938 -35.000000
v 9.188374 -14.793395 -35.000000
v -8.000000 -0.000000 -35.000000
v 10.085135 -13.240159 -35.000000
v 11.203378 -11.837927 -35.000000
v 12.518123 -10.618022 -35.000000
v 10.771208 -34.233597 -35.000000
v 28.796623 -28.162073 -35.000000
v 27.481878 -29.381977 -35.000000
v 26.000000 -30.392305 -35.000000
v 24.384092 -31.170485 -35.000000
v 22.670252 -31.699135 -35.000000
v 29.914865 -26.759840 -35.000000
v 14.000000 -9.607696 -35.000000
v 30.811626 -25.206604 -35.000000
v 15.615908 -8.829515 -35.000000
v 31.466873 -23.537062 -35.000000
v 17.329748 -8.300865 -35.000000
v 31.865971 -21.788507 -35.000000
v 19.103239 -8.033554 -35.000000
v 32.000000 -20.000000 -35.000000
v 26.000000 -9.607696 -35.000000
v 27.815851 -9.492026 -35.000000
v 27.481878 -10.618022 -35.000000
v 28.221855 -9.851714 -35.000000
v 27.507725 -9.045628 -35.000000
v 28.702139 -10.103786 -35.000000
v 28.796623 -11.837927 -35.000000
v 27.315380 -8.538460 -35.000000
v 29.228792 -10.233595 -35.000000
v 27.250000 -8.000000 -35.000000
v 24.384092 -8.829515 -35.000000
v 29.771208 -10.233595 -35.000000
v 29.914865 -13.240159 -35.000000
v 27.315380 -7.461540 -35.000000
v 30.297861 -10.103786 -35.000000
v 27.507725 -6.954373 -35.000000
v 22.670252 -8.300865 -35.000000
v 30.778145 -9.851714 -35.000000
v 27.815851 -6.507974 -35.000000
v 20.896761 -8.033554 -35.000000
v 31.184149 -9.492026 -35.000000
v 30.811626 -14.793395 -35.000000
v 28.221855 -6.148286 -35.000000
v 31.492275 -9.045628 -35.000000
v 31.466873 -16.462938 -35.000000
v 28.702139 -5.896214 -35.000000
v 31.684620 -8.538460 -35.000000
v 29.228792 -5.766405 -35.000000
v 43.000000 -0.000000 -35.000000
v 29.771208 -5.766405 -35.000000
v 30.297861 -5.896214 -35.000000
v 30.778145 -6.148286 -35.000000
v 31.184149 -6.507974 -35.000000
v 31.492275 -6.954373 -35.000000
v 31.684620 -7.461540 -35.000000
v 31.750000 -8.000000 -35.000000
v 31.865971 -18.211493 -35.000000
v -26.000000 -16.000000 -30.000000
v -26.000000 0.000000 -30.000000
v -25.949856 -16.445042 -30.000000
v -25.801937 -16.867767 -30.000000
v -25.563663 -17.246979 -30.000000
v -25.246979 -17.563663 -30.000000
v -24.867767 -17.801937 -30.000000
v -24.445042 -17.949856 -30.000000
v -24.000000 -18.000000 -30.000000
v -44.684151 0.000000 -31.492025
v -46.117451 -0.000000 -33.909157
v -46.909157 -0.000000 -33.117451
v -44.278145 0.000000 -31.851713
v -45.169418 -0.000000 -34.504845
v -44.992275 0.000000 -31.045628
v -47.504845 -0.000000 -32.169418
v -43.797859 0.000000 -32.103786
v -44.112606 -0.000000 -34.874641
v -45.184620 0.000000 -30.538460
v -47.874641 -0.000000 -31.112604
v -43.271206 0.000000 -32.233597
v -45.250000 0.000000 -30.000000
v -48.000000 -0.000000 -30.000000
v -42.728794 0.000000 -32.233597
v -45.184620 0.000000 -29.461540
v -42.202141 0.000000 -32.103786
v -44.992275 0.000000 -28.954372
v -41.721855 0.000000 -31.851713
v -44.684151 0.000000 -28.507975
v -41.315849 0.000000 -31.492025
v -37.000000 0.000000 -30.000000
v -40.815380 0.000000 -30.538460
v -40.750000 0.000000 -30.000000
v -41.007725 0.000000 -31.045628
v -43.000000 0.000000 -24.000000
v -44.278145 0.000000 -28.148287
v -43.797859 0.000000 -27.896214
v -43.271206 0.000000 -27.766405
v -42.728794 0.000000 -27.766405
v -41.829456 0.000000 -24.115288
v -42.202141 0.000000 -27.896214
v -37.115288 0.000000 -28.829458
v -40.815380 0.000000 -29.461540
v -40.703899 0.000000 -24.456722
v -41.721855 0.000000 -28.148287
v -37.456722 0.000000 -27.703899
v -41.007725 0.000000 -28.954372
v -39.666580 0.000000 -25.011183
v -38.011181 0.000000 -26.666578
v -41.315849 0.000000 -28.507975
v -38.757359 0.000000 -25.757359
v -48.000000 0.000000 30.000000
v -43.000000 -0.000000 24.000000
v -44.684151 -0.000000 28.507975
v -44.278145 -0.000000 28.148287
v -44.992275 -0.000000 28.954372
v -43.797859 -0.000000 27.896214
v -45.184620 -0.000000 29.461540
v -43.271206 -0.000000 27.766405
v -45.250000 -0.000000 30.000000
v -47.874641 0.000000 31.112604
v -42.728794 -0.000000 27.766405
v -41.829456 -0.000000 24.115288
v -45.184620 -0.000000 30.538460
v -47.504845 0.000000 32.169418
v -42.202141 -0.000000 27.896214
v -40.703899 -0.000000 24.456722
v -44.992275 -0.000000 31.045628
v -46.909157 0.000000 33.117451
v -41.721855 -0.000000 28.148287
v -39.666580 -0.000000 25.011183
v -44.684151 -0.000000 31.492025
v -38.757359 -0.000000 25.757359
v -41.315849 -0.000000 28.507975
v -46.117451 0.000000 33.909157
v -44.278145 -0.000000 31.851713
v -38.011181 -0.000000 26.666578
v -41.007725 -0.000000 28.954372
v -45.169418 0.000000 34.504845
v -43.797859 -0.000000 32.103786
v -37.456722 -0.000000 27.703899
v -40.815380 -0.000000 29.461540
v -44.112606 0.000000 34.874641
v -43.271206 -0.000000 32.233597
v -37.115288 -0.000000 28.829458
v -40.750000 -0.000000 30.000000
v -43.000000 0.000000 35.000000
v -42.728794 -0.000000 32.233597
v -42.202141 -0.000000 32.103786
v -41.721855 -0.000000 31.851713
v -41.315849 -0.000000 31.492025
v -37.000000 -0.000000 30.000000
v -41.007725 -0.000000 31.045628
v -40.815380 -0.000000 30.538460
v 37.000000 0.000000 -30.000000
v -8.000000 0.000000 -30.000000
v 41.315849 0.000000 -31.492025
v 41.721855 0.000000 -31.851713
v 41.007725 0.000000 -31.045628
v 42.202141 0.000000 -32.103786
v 40.815380 0.000000 -30.538460
v 42.728794 0.000000 -32.233597
v 40.750000 0.000000 -30.000000
v 37.115288 0.000000 -28.829458
v 43.271206 0.000000 -32.233597
v 44.112606 -0.000000 -34.874641
v 40.815380 0.000000 -29.461540
v 37.456722 0.000000 -27.703899
v 43.797859 0.000000 -32.103786
v 45.169418 -0.000000 -34.504845
v 41.007725 0.000000 -28.954372
v 38.011181 0.000000 -26.666578
v 44.278145 0.000000 -31.851713
v 46.117451 -0.000000 -33.909157
v 41.315849 0.000000 -28.507975
v 38.757359 0.000000 -25.757359
v 44.684151 0.000000 -31.492025
v 41.721855 0.000000 -28.148287
v 46.909157 -0.000000 -33.117451
v 44.992275 0.000000 -31.045628
v 39.666580 0.000000 -25.011183
v 47.504845 -0.000000 -32.169418
v 45.184620 0.000000 -30.538460
v 40.703899 0.000000 -24.456722
v 42.202141 0.000000 -27.896214
v 47.874641 -0.000000 -31.112604
v 45.250000 0.000000 -30.000000
v 41.829456 0.000000 -24.115288
v 42.728794 0.000000 -27.766405
v 48.000000 -0.000000 -30.000000
v 44.992275 0.000000 -28.954372
v 44.684151 0.000000 -28.507975
v 45.184620 0.000000 -29.461540
v 43.000000 0.000000 -24.000000
v 43.271206 0.000000 -27.766405
v 43.797859 0.000000 -27.896214
v 44.278145 0.000000 -28.148287
v 41.315849 -0.000000 28.507975
v 38.757359 -0.000000 25.757359
v 38.011181 -0.000000 26.666578
v 41.721855 -0.000000 28.148287
v 40.703899 -0.000000 24.456722
v 39.666580 -0.000000 25.011183
v 41.007725 -0.000000 28.954372
v 37.456722 -0.000000 27.703899
v 42.202141 -0.000000 27.896214
v 41.829456 -0.000000 24.115288
v 40.815380 -0.000000 29.461540
v 37.115288 -0.000000 28.829458
v 42.728794 -0.000000 27.766405
v 43.000000 -0.000000 24.000000
v 40.750000 -0.000000 30.000000
v 37.000000 -0.000000 30.000000
v 43.271206 -0.000000 27.766405
v 40.815380 -0.000000 30.538460
v 43.797859 -0.000000 27.896214
v 41.007725 -0.000000 31.045628
v 44.278145 -0.000000 28.148287
v 41.315849 -0.000000 31.492025
v 44.684151 -0.000000 28.507975
v 43.000000 0.000000 35.000000
v 41.721855 -0.000000 31.851713
v 42.202141 -0.000000 32.103786
v 42.728794 -0.000000 32.233597
v 43.271206 -0.000000 32.233597
v 45.184620 -0.000000 29.461540
v 45.250000 -0.000000 30.000000
v 44.992275 -0.000000 28.954372
v 47.874641 0.000000 31.112604
v 45.184620 -0.000000 30.538460
v 44.112606 0.000000 34.874641
v 43.797859 -0.000000 32.103786
v 45.169418 0.000000 34.504845
v 44.278145 -0.000000 31.851713
v 47.504845 0.000000 32.169418
v 44.992275 -0.000000 31.045628
v 46.117451 0.000000 33.909157
v 44.684151 -0.000000 31.492025
v 46.909157 0.000000 33.117451
v -10.000000 -18.000000 -30.000000
v -46.117451 -40.000000 -33.909157
v -44.112606 -40.000000 -34.874641
v -8.050144 -16.445042 -30.000000
v -8.000000 -16.000000 -30.000000
v -8.198062 -16.867767 -30.000000
v -8.436337 -17.246979 -30.000000
v -8.753020 -17.563663 -30.000000
v -9.132233 -17.801937 -30.000000
v -9.554958 -17.949856 -30.000000
v -46.909157 -40.000000 -33.117451
v -45.169418 -40.000000 -34.504845
v -47.504845 -40.000000 -32.169418
v -48.000000 -40.000000 -30.000000
v -47.874641 -40.000000 -31.112604
v -43.000000 -40.000000 -35.000000
v -48.000000 -40.000000 30.000000
v -47.874641 -40.000000 31.112604
v -46.117451 -40.000000 33.909157
v -47.504845 -40.000000 32.169418
v -46.909157 -40.000000 33.117451
v -44.112606 -40.000000 34.874641
v 45.169418 -40.000000 -34.504845
v 43.000000 -40.000000 -35.000000
v 46.117451 -40.000000 -33.909157
v 46.909157 -40.000000 -33.117451
v 47.504845 -40.000000 -32.169418
v 47.874641 -40.000000 -31.112604
v 48.000000 -40.000000 30.000000
v 47.874641 -40.000000 31.112604
v 44.112606 -40.000000 34.874641
v 44.112606 -40.000000 -34.874641
v 12.750000 -32.000000 -30.000000
v 12.684619 -32.538460 -30.000000
v 12.492276 -33.045628 -30.000000
v 12.184149 -33.492027 -30.000000
v 11.778146 -33.851715 -30.000000
v 11.297861 -34.103786 -30.000000
v 10.771208 -34.233597 -30.000000
v 10.228792 -34.233597 -30.000000
v 9.702139 -34.103786 -30.000000
v 9.221854 -33.851715 -30.000000
v 8.815851 -33.492027 -30.000000
v 8.507724 -33.045628 -30.000000
v 8.315381 -32.538460 -30.000000
v 8.250000 -32.000000 -30.000000
v 8.315381 -31.461540 -30.000000
v 8.507724 -30.954372 -30.000000
v 8.815851 -30.507975 -30.000000
v 9.221854 -30.148287 -30.000000
v 9.702139 -29.896214 -30.000000
v 10.228792 -29.766405 -30.000000
v 10.771208 -29.766405 -30.000000
v 11.297861 -29.896214 -30.000000
v 11.778146 -30.148287 -30.000000
v 12.184149 -30.507975 -30.000000
v 12.492276 -30.954372 -30.000000
v 12.684619 -31.461540 -30.000000
v 32.000000 -20.000000 -30.000000
v 31.865971 -21.788507 -30.000000
v 31.466873 -23.537062 -30.000000
v 30.811626 -25.206604 -30.000000
v 29.914865 -26.759840 -30.000000
v 28.796623 -28.162073 -30.000000
v 27.481878 -29.381977 -30.000000
v 26.000000 -30.392305 -30.000000
v 24.384092 -31.170485 -30.000000
v 22.670252 -31.699135 -30.000000
v 20.896761 -31.966446 -30.000000
v 19.103239 -31.966446 -30.000000
v 17.329748 -31.699135 -30.000000
v 15.615908 -31.170485 -30.000000
v 14.000000 -30.392305 -30.000000
v 12.518123 -29.381977 -30.000000
v 11.203378 -28.162073 -30.000000
v 10.085135 -26.759840 -30.000000
v 9.188374 -25.206604 -30.000000
v 8.533126 -23.537062 -30.000000
v 8.134030 -21.788507 -30.000000
v 8.000000 -20.000000 -30.000000
v 8.134030 -18.211493 -30.000000
v 8.533126 -16.462938 -30.000000
v 9.188374 -14.793395 -30.000000
v 10.085135 -13.240159 -30.000000
v 11.203378 -11.837927 -30.000000
v 12.518123 -10.618022 -30.000000
v 14.000000 -9.607696 -30.000000
v 15.615908 -8.829515 -30.000000
v 17.329748 -8.300865 -30.000000
v 19.103239 -8.033554 -30.000000
v 20.896761 -8.033554 -30.000000
v 22.670252 -8.300865 -30.000000
v 24.384092 -8.829515 -30.000000
v 26.000000 -9.607696 -30.000000
v 27.481878 -10.618022 -30.000000
v 28.796623 -11.837927 -30.000000
v 29.914865 -13.240159 -30.000000
v 30.811626 -14.793395 -30.000000
v 31.466873 -16.462938 -30.000000
v 31.865971 -18.211493 -30.000000
v 31.750000 -8.000000 -30.000000
v 31.684620 -8.538460 -30.000000
v 31.492275 -9.045628 -30.000000
v 31.184149 -9.492026 -30.000000
v 30.778145 -9.851714 -30.000000
v 30.297861 -10.103786 -30.000000
v 29.771208 -10.233595 -30.000000
v 29.228792 -10.233595 -30.000000
v 28.702139 -10.103786 -30.000000
v 28.221855 -9.851714 -30.000000
v 27.815851 -9.492026 -30.000000
v 27.507725 -9.045628 -30.000000
v 27.315380 -8.538460 -30.000000
v 27.250000 -8.000000 -30.000000
v 27.315380 -7.461540 -30.000000
v 27.507725 -6.954373 -30.000000
v 27.815851 -6.507974 -30.000000
v 28.221855 -6.148286 -30.000000
v 28.702139 -5.896214 -30.000000
v 29.228792 -5.766405 -30.000000
v 29.771208 -5.766405 -30.000000
v 30.297861 -5.896214 -30.000000
v 30.778145 -6.148286 -30.000000
v 31.184149 -6.507974 -30.000000
v 31.492275 -6.954373 -30.000000
v 31.684620 -7.461540 -30.000000
v -22.500000 -27.000000 -30.000000
v -37.000000 -37.000000 -30.000000
v -22.500000 -37.000000 -30.000000
v -11.500000 -27.000000 -30.000000
v -11.500000 -37.000000 -30.000000
v 37.000000 -37.000000 -30.000000
v -45.169418 -40.000000 34.504845
v -43.000000 -40.000000 35.000000
v 43.000000 -40.000000 35.000000
v 45.169418 -40.000000 34.504845
v 46.117451 -40.000000 33.909157
v 46.909157 -40.000000 33.117451
v 47.504845 -40.000000 32.169418
v 48.000000 0.000000 30.000000
v 48.000000 -40.000000 -30.000000
v -43.000000 -37.000000 -24.000000
v -41.829456 -37.000000 -24.115288
v -40.703899 -37.000000 -24.456722
v -39.666580 -37.000000 -25.011183
v -38.757359 -37.000000 -25.757359
v -38.011181 -37.000000 -26.666578
v -37.456722 -37.000000 -27.703899
v -37.115288 -37.000000 -28.829458
v -43.000000 -37.000000 24.000000
v -37.000000 -37.000000 30.000000
v -37.115288 -37.000000 28.829458
v -37.456722 -37.000000 27.703899
v -38.011181 -37.000000 26.666578
v -38.757359 -37.000000 25.757359
v -39.666580 -37.000000 25.011183
v -40.703899 -37.000000 24.456722
v -41.829456 -37.000000 24.115288
v -11.500000 -27.000000 30.000000
v 37.000000 -37.000000 30.000000
v -11.500000 -37.000000 30.000000
v -22.500000 -27.000000 30.000000
v -22.500000 -37.000000 30.000000
v 37.115288 -37.000000 -28.829458
v 37.456722 -37.000000 -27.703899
v 38.011181 -37.000000 -26.666578
v 38.757359 -37.000000 -25.757359
v 39.666580 -37.000000 -25.011183
v 40.703899 -37.000000 -24.456722
v 41.829456 -37.000000 -24.115288
v 43.000000 -37.000000 -24.000000
v 43.000000 -37.000000 24.000000
v 41.829456 -37.000000 24.115288
v 40.703899 -37.000000 24.456722
v 39.666580 -37.000000 25.011183
v 38.757359 -37.000000 25.757359
v 38.011181 -37.000000 26.666578
v 37.456722 -37.000000 27.703899
v 37.115288 -37.000000 28.829458
v -40.750000 -37.000000 -30.000000
v -40.815380 -37.000000 -30.538460
v -41.007725 -37.000000 -31.045628
v -41.315849 -37.000000 -31.492025
v -42.202141 -37.000000 -32.103786
v -42.728794 -37.000000 -32.233597
v -43.797859 -37.000000 -32.103786
v -44.278145 -37.000000 -31.851713
v -44.684151 -37.000000 -31.492025
v -44.992275 -37.000000 -31.045628
v -45.184620 -37.000000 -30.538460
v -45.250000 -37.000000 -30.000000
v -44.992275 -37.000000 -28.954372
v -44.684151 -37.000000 -28.507975
v -43.797859 -37.000000 -27.896214
v -43.271206 -37.000000 -27.766405
v -42.728794 -37.000000 -27.766405
v -42.202141 -37.000000 -27.896214
v -41.721855 -37.000000 -28.148287
v -41.315849 -37.000000 -28.507975
v -40.815380 -37.000000 -29.461540
v -40.750000 -37.000000 30.000000
v -41.007725 -37.000000 28.954372
v -41.315849 -37.000000 28.507975
v -41.721855 -37.000000 28.148287
v -42.202141 -37.000000 27.896214
v -42.728794 -37.000000 27.766405
v -43.271206 -37.000000 27.766405
v -43.797859 -37.000000 27.896214
v -44.278145 -37.000000 28.148287
v -44.684151 -37.000000 28.507975
v -44.992275 -37.000000 28.954372
v -45.250000 -37.000000 30.000000
v -45.184620 -37.000000 30.538460
v -44.684151 -37.000000 31.492025
v -43.797859 -37.000000 32.103786
v -43.271206 -37.000000 32.233597
v -42.728794 -37.000000 32.233597
v -42.202141 -37.000000 32.103786
v -41.721855 -37.000000 31.851713
v -41.315849 -37.000000 31.492025
v -41.007725 -37.000000 31.045628
v -40.815380 -37.000000 30.538460
v 45.250000 -37.000000 -30.000000
v 44.992275 -37.000000 -31.045628
v 44.684151 -37.000000 -31.492025
v 44.278145 -37.000000 -31.851713
v 43.797859 -37.000000 -32.103786
v 42.202141 -37.000000 -32.103786
v 41.315849 -37.000000 -31.492025
v 41.007725 -37.000000 -31.045628
v 40.815380 -37.000000 -30.538460
v 40.750000 -37.000000 -30.000000
v 41.007725 -37.000000 -28.954372
v 41.315849 -37.000000 -28.507975
v 42.202141 -37.000000 -27.896214
v 42.728794 -37.000000 -27.766405
v 43.271206 -37.000000 -27.766405
v 43.797859 -37.000000 -27.896214
v 44.278145 -37.000000 -28.148287
v 44.684151 -37.000000 -28.507975
v 44.992275 -37.000000 -28.954372
v 45.184620 -37.000000 -29.461540
v 45.250000 -37.000000 30.000000
v 45.184620 -37.000000 29.461540
v 44.992275 -37.000000 28.954372
v 44.684151 -37.000000 28.507975
v 44.278145 -37.000000 28.148287
v 43.797859 -37.000000 27.896214
v 43.271206 -37.000000 27.766405
v 42.728794 -37.000000 27.766405
v 42.202141 -37.000000 27.896214
v 41.721855 -37.000000 28.148287
v 41.315849 -37.000000 28.507975
v 41.007725 -37.000000 28.954372
v 40.815380 -37.000000 30.538460
v 41.007725 -37.000000 31.045628
v 41.315849 -37.000000 31.492025
v 41.721855 -37.000000 31.851713
v 42.202141 -37.000000 32.103786
v 42.728794 -37.000000 32.233597
v 43.271206 -37.000000 32.233597
v 43.797859 -37.000000 32.103786
v 44.278145 -37.000000 31.851713
v 44.684151 -37.000000 31.492025
v 44.992275 -37.000000 31.045628
v 45.184620 -37.000000 30.538460
v -18.278145 -27.000000 -22.601713
v -18.684149 -27.000000 -22.242025
v -18.992275 -27.000000 -21.795628
v -17.797861 -27.000000 -22.853786
v -19.184620 -27.000000 -21.288460
v -17.271208 -27.000000 -22.983595
v -19.250000 -27.000000 -20.750000
v -16.728792 -27.000000 -22.983595
v -19.184620 -27.000000 -20.211540
v -16.202139 -27.000000 -22.853786
v -15.721854 -27.000000 -22.601713
v -15.315851 -27.000000 -22.242025
v -15.007724 -27.000000 -21.795628
v -14.815381 -27.000000 -21.288460
v -14.750000 -27.000000 -20.750000
v -14.815381 -27.000000 -20.211540
v -18.278145 -27.000000 18.898287
v -18.684149 -27.000000 -19.257975
v -18.684149 -27.000000 19.257975
v -18.278145 -27.000000 -18.898287
v -18.992275 -27.000000 19.704372
v -18.992275 -27.000000 -19.704372
v -17.797861 -27.000000 18.646214
v -17.797861 -27.000000 -18.646214
v -19.184620 -27.000000 20.211540
v -17.271208 -27.000000 18.516405
v -17.271208 -27.000000 -18.516405
v -16.728792 -27.000000 -18.516405
v -16.728792 -27.000000 18.516405
v -16.202139 -27.000000 -18.646214
v -16.202139 -27.000000 18.646214
v -15.721854 -27.000000 18.898287
v -15.721854 -27.000000 -18.898287
v -15.315851 -27.000000 -19.257975
v -15.315851 -27.000000 19.257975
v -15.007724 -27.000000 19.704372
v -15.007724 -27.000000 -19.704372
v -19.250000 -27.000000 20.750000
v -19.184620 -27.000000 21.288460
v -18.992275 -27.000000 21.795628
v -18.684149 -27.000000 22.242025
v -18.278145 -27.000000 22.601713
v -17.797861 -27.000000 22.853786
v -17.271208 -27.000000 22.983595
v -16.728792 -27.000000 22.983595
v -14.815381 -27.000000 20.211540
v -14.750000 -27.000000 20.750000
v -16.202139 -27.000000 22.853786
v -15.721854 -27.000000 22.601713
v -15.315851 -27.000000 22.242025
v -15.007724 -27.000000 21.795628
v -14.815381 -27.000000 21.288460
v -45.184620 -37.000000 -29.461540
v -43.271206 -37.000000 -32.233597
v -41.721855 -37.000000 -31.851713
v -44.278145 -37.000000 -28.148287
v -41.007725 -37.000000 -28.954372
v -45.184620 -37.000000 29.461540
v -44.992275 -37.000000 31.045628
v -44.278145 -37.000000 31.851713
v -40.815380 -37.000000 29.461540
v 41.721855 -37.000000 -31.851713
v 40.815380 -37.000000 -29.461540
v 43.271206 -37.000000 -32.233597
v 42.728794 -37.000000 -32.233597
v 41.721855 -37.000000 -28.148287
v 45.184620 -37.000000 -30.538460
v 40.815380 -37.000000 29.461540
v 40.750000 -37.000000 30.000000
v -14.815381 -37.000000 20.211540
v -14.750000 -37.000000 20.750000
v -15.007724 -37.000000 19.704372
v -15.315851 -37.000000 19.257975
v -15.721854 -37.000000 18.898287
v -16.202139 -37.000000 18.646214
v -16.728792 -37.000000 18.516405
v -17.271208 -37.000000 18.516405
v -17.797861 -37.000000 18.646214
v -18.278145 -37.000000 18.898287
v -18.684149 -37.000000 19.257975
v -18.992275 -37.000000 19.704372
v -19.184620 -37.000000 20.211540
v -19.250000 -37.000000 20.750000
v -19.184620 -37.000000 21.288460
v -18.992275 -37.000000 21.795628
v -18.684149 -37.000000 22.242025
v -18.278145 -37.000000 22.601713
v -17.797861 -37.000000 22.853786
v -17.271208 -37.000000 22.983595
v -16.728792 -37.000000 22.983595
v -16.202139 -37.000000 22.853786
v -15.721854 -37.000000 22.601713
v -15.315851 -37.000000 22.242025
v -15.007724 -37.000000 21.795628
v -14.815381 -37.000000 21.288460
v -14.815381 -37.000000 -21.288460
v -14.750000 -37.000000 -20.750000
v -15.007724 -37.000000 -21.795628
v -15.315851 -37.000000 -22.242025
v -15.721854 -37.000000 -22.601713
v -16.202139 -37.000000 -22.853786
v -16.728792 -37.000000 -22.983595
v -17.271208 -37.000000 -22.983595
v -17.797861 -37.000000 -22.853786
v -18.278145 -37.000000 -22.601713
v -18.684149 -37.000000 -22.242025
v -18.992275 -37.000000 -21.795628
v -19.184620 -37.000000 -21.288460
v -19.250000 -37.000000 -20.750000
v -19.184620 -37.000000 -20.211540
v -18.992275 -37.000000 -19.704372
v -18.684149 -37.000000 -19.257975
v -18.278145 -37.000000 -18.898287
v -17.797861 -37.000000 -18.646214
v -17.271208 -37.000000 -18.516405
v -16.728792 -37.000000 -18.516405
v -16.202139 -37.000000 -18.646214
v -15.721854 -37.000000 -18.898287
v -15.315851 -37.000000 -19.257975
v -15.007724 -37.000000 -19.704372
v -14.815381 -37.000000 -20.211540
vn 0.000000 -0.000000 -1.000000
vn 0.000000 -0.000000 -1.000000
vn 0.000000 0.000000 -1.000000
vn 0.000000 -0.000000 -1.000000
vn 0.000000 0.000000 -1.000000
vn 0.000000 0.000000 -1.000000
vn 0.000000 -0.000000 -1.000000
vn 0.000000 0.000000 -1.000000
vn 0.000000 -0.000000 -1.000000
vn 0.000000 0.000000 -1.000000
vn 0.000000 -0.000000 -1.000000
vn 0.000000 -0.000000 -1.000000
vn 0.000000 0.000000 -1.000000
vn 0.000000 -0.000000 -1.000000
vn 0.000000 0.000000 -1.000000
vn 0.000000 -0.000000 -1.000000
vn 0.000000 -0.000000 -1.000000
vn 0.000000 -0.000000 -1.000000
vn 0.000000 0.000000 -1.000000
vn 0.000000 -0.000000 -1.000000
vn 0.000000 0.000000 -1.000000
vn 0.000000 0.000000 -1.000000
vn 0.000000 0.000000 -1.000000
vn 0.000000 0.000000 -1.000000
vn 0.000000 0.000000 -1.000000
vn 0.000000 0.000000 -1.000000
vn 0.000000 0.000000 -1.000000
vn 0.000000 0.000000 -1.000000
vn 0.000000 0.000000 -1.000000
vn 0.000000 0.000000 -1.000000
vn 0.000000 -0.000000 -1.000000
vn 0.000000 0.000000 -1.000000
vn 0.000000 0.000000 -1.000000
vn 0.000000 0.000000 -1.000000
vn 0.000000 0.000000 -1.000000
vn 0.000000 0.000000 -1.000000
vn 0.000000 -0.000000 -1.000000
vn 0.000000 -0.000000 -1.000000
vn 0.000000 -0.000000 -1.000000
vn 0.000000 0.000000 -1.000000
vn 0.000000 0.000000 -1.000000
vn 0.000000 0.000000 -1.000000
vn 0.000000 -0.000000 -1.000000
vn 0.000000 -0.000000 -1.000000
vn 0.000000 -0.000000 -1.000000
vn 0.000000 -0.000000 -1.000000
vn 0.000000 0.000000 -1.000000
vn 0.000000 -0.000000 -1.000000
vn 0.000000 -0.000000 -1.000000
vn 0.000000 -0.000000 -1.000000
vn 0.000000 -0.000000 -1.000000
vn 0.000000 0.000000 -1.000000
vn 0.000000 -0.000000 -1.000000
vn 0.000000 -0.000000 -1.000000
vn 0.000000 0.000000 -1.000000
vn 0.000000 0.000000 -1.000000
vn 0.000000 0.000000 -1.000000
vn 0.000000 0.000000 -1.000000
vn 0.000000 0.000000 -1.000000
vn 0.000000 0.000000 -1.000000
vn 0.000000 0.000000 -1.000000
vn 0.000000 -0.000000 -1.000000
vn -0.000000 -0.000000 -1.000000
vn 0.000000 -0.000000 -1.000000
vn 0.000000 -0.000000 -1.000000
vn 0.000000 -0.000000 -1.000000
vn 0.000000 -0.000000 -1.000000
vn 0.000000 -0.000000 -1.000000
vn 0.000000 -0.000000 -1.000000
vn 0.000000 -0.000000 -1.000000
vn 0.000000 0.000000 -1.000000
vn 0.000000 0.000000 -1.000000
vn 0.000000 0.000000 -1.000000
vn 0.000000 0.000000 -1.000000
vn 0.000000 0.000000 -1.000000
vn 0.000000 0.000000 -1.000000
vn 0.000000 0.000000 -1.000000
vn 0.000000 0.000000 -1.000000
vn 0.000000 0.000000 -1.000000
vn 0.000000 0.000000 -1.000000
vn 0.000000 -0.000000 -1.000000
vn 0.000000 0.000000 -1.000000
vn 0.000000 0.000000 -1.000000
vn 0.000000 -0.000000 -1.000000
vn 0.000000 0.000000 -1.000000
vn 0.000000 0.000000 -1.000000
vn 0.000000 0.000000 -1.000000
vn 0.000000 0.000000 -1.000000
vn 0.000000 -0.000000 -1.000000
vn 0.000000 0.000000 -1.000000
vn 0.000000 0.000000 -1.000000
vn 0.000000 0.000000 -1.000000
vn 0.000000 0.000000 -1.000000
vn 0.000000 0.000000 -1.000000
vn 0.000000 -0.000000 -1.000000
vn 0.000000 0.000000 -1.000000
vn 0.000000 0.000000 -1.000000
vn 0.000000 -0.000000 -1.000000
vn 0.000000 0.000000 -1.000000
vn 0.000000 0.000000 -1.000000
vn 0.000000 -0.000000 -1.000000
vn 0.000000 0.000000 -1.000000
vn 0.000000 0.000000 -1.000000
vn 0.000000 0.000000 -1.000000
vn 0.000000 0.000000 -1.000000
vn 0.000000 -0.000000 -1.000000
vn 0.000000 0.000000 -1.000000
vn 0.000000 0.000000 -1.000000
vn 0.000000 0.000000 -1.000000
vn 0.000000 0.000000 -1.000000
vn 0.000000 0.000000 -1.000000
vn 0.000000 0.000000 -1.000000
vn 0.000000 0.000000 -1.000000
vn 0.000000 -0.000000 -1.000000
vn 0.000000 0.000000 -1.000000
vn 0.000000 0.000000 -1.000000
vn 0.000000 0.000000 -1.000000
vn 0.000000 -0.000000 -1.000000
vn 0.000000 0.000000 -1.000000
vn 0.000000 0.000000 -1.000000
vn 1.000000 0.000000 0.000000
vn 1.000000 -0.000000 0.000000
vn 0.993712 0.111965 -0.000000
vn 0.943883 0.330280 -0.000000
vn 0.993712 0.111965 0.000000
vn 0.846725 0.532031 -0.000000
vn 0.943883 0.330280 0.000000
vn 0.707107 0.707107 -0.000000
vn 0.846725 0.532031 0.000000
vn 0.532031 0.846725 -0.000000
vn 0.707107 0.707107 0.000000
vn 0.330280 0.943883 -0.000000
vn 0.532031 0.846725 0.000000
vn 0.330280 0.943883 0.000000
vn 0.111965 0.993712 0.000000
vn 0.111965 0.993712 0.000000
vn -0.000000 1.000000 -0.000000
vn -0.000000 1.000000 -0.000000
vn -0.000000 1.000000 -0.000000
vn -0.000000 1.000000 -0.000000
vn -0.000000 1.000000 -0.000000
vn -0.000000 1.000000 -0.000000
vn -0.000000 1.000000 -0.000000
vn -0.000000 1.000000 -0.000000
vn -0.000000 1.000000 -0.000000
vn 0.000000 1.000000 -0.000000
vn -0.000000 1.000000 -0.000000
vn -0.000000 1.000000 0.000000
vn -0.000000 1.000000 -0.000000
vn 0.000000 1.000000 -0.000000
vn -0.000000 1.000000 0.000000
vn 0.000000 1.000000 -0.000000
vn -0.000000 1.000000 0.000000
vn 0.000000 1.000000 -0.000000
vn -0.000000 1.000000 0.000000
vn 0.000000 1.000000 -0.000000
vn 0.000000 1.000000 -0.000000
vn 0.000000 1.000000 0.000000
vn 0.000000 1.000000 0.000000
vn 0.000000 1.000000 0.000000
vn -0.000000 1.000000 0.000000
vn 0.000000 1.000000 0.000000
vn 0.000000 1.000000 0.000000
vn 0.000000 1.000000 0.000000
vn 0.000000 1.000000 0.000000
vn 0.000000 1.000000 0.000000
vn 0.000000 1.000000 0.000000
vn 0.000000 1.000000 0.000000
vn 0.000000 1.000000 0.000000
vn 0.000000 1.000000 0.000000
vn 0.000000 1.000000 0.000000
vn 0.000000 1.000000 0.000000
vn 0.000000 1.000000 0.000000
vn 0.000000 1.000000 0.000000
vn 0.000000 1.000000 0.000000
vn 0.000000 1.000000 0.000000
vn 0.000000 1.000000 0.000000
vn 0.000000 1.000000 0.000000
vn 0.000000 1.000000 0.000000
vn -0.000000 1.000000 -0.000000
vn 0.000000 1.000000 -0.000000
vn -0.000000 1.000000 -0.000000
vn 0.000000 1.000000 0.000000
vn 0.000000 1.000000 0.000000
vn 0.000000 1.000000 0.000000
vn 0.000000 1.000000 0.000000
vn 0.000000 1.000000 0.000000
vn 0.000000 1.000000 0.000000
vn 0.000000 1.000000 0.000000
vn 0.000000 1.000000 0.000000
vn 0.000000 1.000000 0.000000
vn 0.000000 1.000000 0.000000
vn 0.000000 1.000000 0.000000
vn 0.000000 1.000000 -0.000000
vn 0.000000 1.000000 -0.000000
vn 0.000000 1.000000 0.000000
vn 0.000000 1.000000 0.000000
vn 0.000000 1.000000 -0.000000
vn 0.000000 1.000000 -0.000000
vn 0.000000 1.000000 0.000000
vn 0.000000 1.000000 0.000000
vn 0.000000 1.000000 -0.000000
vn 0.000000 1.000000 0.000000
vn 0.000000 1.000000 0.000000
vn 0.000000 1.000000 -0.000000
vn 0.000000 1.000000 -0.000000
vn 0.000000 1.000000 0.000000
vn 0.000000 1.000000 0.000000
vn 0.000000 1.000000 -0.000000
vn 0.000000 1.000000 -0.000000
vn 0.000000 1.000000 0.000000
vn 0.000000 1.000000 0.000000
vn 0.000000 1.000000 -0.000000
vn 0.000000 1.000000 -0.000000
vn 0.000000 1.000000 0.000000
vn 0.000000 1.000000 0.000000
vn 0.000000 1.000000 -0.000000
vn -0.000000 1.000000 -0.000000
vn -0.000000 1.000000 -0.000000
vn -0.000000 1.000000 -0.000000
vn -0.000000 1.000000 -0.000000
vn 0.000000 1.000000 0.000000
vn 0.000000 1.000000 0.000000
vn 0.000000 1.000000 0.000000
vn 0.000000 1.000000 0.000000
vn -0.000000 1.000000 -0.000000
vn 0.000000 1.000000 -0.000000
vn 0.000000 1.000000 -0.000000
vn -0.000000 1.000000 -0.000000
vn -0.000000 1.000000 -0.000000
vn 0.000000 1.000000 0.000000
vn -0.000000 1.000000 -0.000000
vn 0.000000 1.000000 0.000000
vn -0.000000 1.000000 -0.000000
vn 0.000000 1.000000 0.000000
vn 0.000000 1.000000 0.000000
vn -0.000000 1.000000 -0.000000
vn 0.000000 1.000000 -0.000000
vn 0.000000 1.000000 0.000000
vn 0.000000 1.000000 0.000000
vn 0.000000 1.000000 -0.000000
vn 0.000000 1.000000 -0.000000
vn 0.000000 1.000000 0.000000
vn 0.000000 1.000000 0.000000
vn 0.000000 1.000000 -0.000000
vn 0.000000 1.000000 -0.000000
vn 0.000000 1.000000 0.000000
vn 0.000000 1.000000 0.000000
vn 0.000000 1.000000 -0.000000
vn 0.000000 1.000000 0.000000
vn 0.000000 1.000000 -0.000000
vn 0.000000 1.000000 -0.000000
vn 0.000000 1.000000 0.000000
vn 0.000000 1.000000 -0.000000
vn 0.000000 1.000000 -0.000000
vn 0.000000 1.000000 0.000000
vn 0.000000 1.000000 0.000000
vn 0.000000 1.000000 -0.000000
vn 0.000000 1.000000 -0.000000
vn 0.000000 1.000000 0.000000
vn 0.000000 1.000000 0.000000
vn 0.000000 1.000000 0.000000
vn 0.000000 1.000000 0.000000
vn 0.000000 1.000000 0.000000
vn 0.000000 1.000000 0.000000
vn 0.000000 1.000000 0.000000
vn 0.000000 1.000000 0.000000
vn 0.000000 1.000000 0.000000
vn 0.000000 1.000000 0.000000
vn 0.000000 1.000000 0.000000
vn 0.000000 1.000000 0.000000
vn 0.000000 1.000000 0.000000
vn 0.000000 1.000000 0.000000
vn 0.000000 1.000000 0.000000
vn 0.000000 1.000000 0.000000
vn 0.000000 1.000000 0.000000
vn 0.000000 1.000000 0.000000
vn 0.000000 1.000000 0.000000
vn 0.000000 1.000000 0.000000
vn 0.000000 1.000000 0.000000
vn 0.000000 1.000000 0.000000
vn 0.000000 1.000000 0.000000
vn 0.000000 1.000000 0.000000
vn 0.000000 1.000000 0.000000
vn 0.000000 1.000000 0.000000
vn 0.000000 1.000000 0.000000
vn 0.000000 1.000000 0.000000
vn 0.000000 1.000000 0.000000
vn 0.000000 1.000000 0.000000
vn 0.000000 1.000000 0.000000
vn 0.000000 1.000000 0.000000
vn 0.000000 1.000000 0.000000
vn 0.000000 1.000000 -0.000000
vn 0.000000 1.000000 -0.000000
vn 0.000000 1.000000 -0.000000
vn 0.000000 1.000000 -0.000000
vn 0.000000 1.000000 -0.000000
vn 0.000000 1.000000 -0.000000
vn 0.000000 1.000000 -0.000000
vn -0.000000 1.000000 0.000000
vn 0.000000 1.000000 -0.000000
vn -0.000000 1.000000 0.000000
vn -0.000000 1.000000 0.000000
vn -0.000000 1.000000 0.000000
vn -0.000000 1.000000 0.000000
vn -0.000000 1.000000 -0.000000
vn -0.000000 1.000000 0.000000
vn -0.000000 1.000000 -0.000000
vn 0.000000 1.000000 -0.000000
vn -0.000000 1.000000 -0.000000
vn -0.000000 1.000000 -0.000000
vn -0.000000 1.000000 -0.000000
vn -0.000000 1.000000 -0.000000
vn -0.000000 1.000000 -0.000000
vn -0.000000 1.000000 -0.000000
vn -0.000000 1.000000 -0.000000
vn -0.000000 1.000000 -0.000000
vn -0.000000 1.000000 -0.000000
vn 0.000000 1.000000 -0.000000
vn 0.000000 1.000000 0.000000
vn -0.993712 0.000000 -0.111963
vn -0.993712 0.000000 -0.111963
vn -0.943883 0.000000 -0.330280
vn -0.943883 0.000000 -0.330280
vn -0.846724 0.000000 -0.532032
vn -0.846724 0.000000 -0.532032
vn -0.707107 0.000000 -0.707107
vn -0.707107 0.000000 -0.707107
vn -0.532032 0.000000 -0.846724
vn -0.532032 0.000000 -0.846724
vn -0.330281 0.000000 -0.943883
vn -0.330281 0.000000 -0.943883
vn -0.111963 0.000000 -0.993712
vn -0.111963 0.000000 -0.993712
vn -0.993712 0.111965 0.000000
vn -0.993712 0.111965 0.000000
vn -0.943884 0.330278 0.000000
vn -0.943884 0.330278 0.000000
vn -0.846723 0.532034 0.000000
vn -0.846723 0.532034 0.000000
vn -0.707109 0.707105 0.000000
vn -0.707109 0.707105 0.000000
vn -0.532030 0.846725 0.000000
vn -0.532030 0.846725 0.000000
vn -0.330280 0.943883 0.000000
vn -0.330280 0.943883 0.000000
vn -0.111965 0.993712 0.000000
vn -0.111965 0.993712 0.000000
vn 0.000000 -1.000000 0.000000
vn 0.000000 -1.000000 0.000000
vn 0.000000 -1.000000 0.000000
vn 0.000000 -1.000000 0.000000
vn 0.000000 -1.000000 0.000000
vn 0.000000 -1.000000 0.000000
vn 0.000000 -1.000000 0.000000
vn 0.000000 -1.000000 0.000000
vn 0.000000 -1.000000 0.000000
vn 0.000000 -1.000000 0.000000
vn 0.000000 -1.000000 0.000000
vn 0.000000 -1.000000 0.000000
vn 0.000000 -1.000000 0.000000
vn 0.000000 -1.000000 0.000000
vn -0.000000 -1.000000 0.000000
vn -0.000000 -1.000000 0.000000
vn -0.000000 -1.000000 0.000000
vn -0.000000 -1.000000 0.000000
vn -0.000000 -1.000000 0.000000
vn -0.000000 -1.000000 0.000000
vn 0.000000 -1.000000 0.000000
vn 0.000000 -1.000000 0.000000
vn -0.000000 -1.000000 0.000000
vn 0.000000 -1.000000 0.000000
vn -0.000000 -1.000000 -0.000000
vn -0.000000 -1.000000 -0.000000
vn 0.000000 -1.000000 0.000000
vn 0.000000 -1.000000 0.000000
vn 0.000000 -1.000000 0.000000
vn -0.000000 -1.000000 -0.000000
vn -1.000000 0.000000 0.000000
vn -1.000000 0.000000 0.000000
vn 0.111963 0.000000 -0.993712
vn 0.111963 0.000000 -0.993712
vn 0.330281 0.000000 -0.943883
vn 0.330281 0.000000 -0.943883
vn 0.532032 0.000000 -0.846724
vn 0.707107 0.000000 -0.707107
vn 0.532032 0.000000 -0.846724
vn 0.707107 0.000000 -0.707107
vn 0.846724 0.000000 -0.532032
vn 0.846724 0.000000 -0.532032
vn 0.943883 0.000000 -0.330280
vn 0.943883 0.000000 -0.330280
vn 0.993712 0.000000 -0.111963
vn 0.993712 0.000000 -0.111963
vn -0.992709 0.120537 0.000000
vn -0.992709 0.120537 0.000000
vn -0.935017 0.354604 0.000000
vn -0.935017 0.354604 0.000000
vn -0.822984 0.568065 0.000000
vn -0.822984 0.568065 0.000000
vn -0.663123 0.748510 0.000000
vn -0.663123 0.748510 0.000000
vn -0.464721 0.885457 0.000000
vn -0.239319 0.970941 0.000000
vn -0.464721 0.885457 0.000000
vn -0.239319 0.970941 0.000000
vn 0.000000 1.000000 0.000000
vn 0.000000 1.000000 -0.000000
vn 0.239319 0.970941 0.000000
vn 0.239319 0.970941 -0.000000
vn 0.464721 0.885457 0.000000
vn 0.464721 0.885457 -0.000000
vn 0.663123 0.748510 0.000000
vn 0.663123 0.748510 -0.000000
vn 0.822984 0.568065 0.000000
vn 0.822984 0.568065 -0.000000
vn 0.935017 0.354604 -0.000000
vn 0.935017 0.354604 0.000000
vn 0.992709 0.120537 0.000000
vn 0.992709 0.120537 0.000000
vn 0.992709 -0.120537 0.000000
vn 0.992709 -0.120537 0.000000
vn 0.935017 -0.354604 0.000000
vn 0.935017 -0.354604 0.000000
vn 0.822983 -0.568066 0.000000
vn 0.822983 -0.568066 0.000000
vn 0.663123 -0.748510 0.000000
vn 0.663123 -0.748510 0.000000
vn 0.464724 -0.885456 0.000000
vn 0.464724 -0.885456 0.000000
vn 0.239316 -0.970942 0.000000
vn 0.239316 -0.970942 0.000000
vn 0.000000 -1.000000 0.000000
vn 0.000000 -1.000000 0.000000
vn -0.239316 -0.970942 0.000000
vn -0.239316 -0.970942 0.000000
vn -0.464724 -0.885456 0.000000
vn -0.464724 -0.885456 0.000000
vn -0.663123 -0.748510 0.000000
vn -0.663123 -0.748510 0.000000
vn -0.822983 -0.568066 0.000000
vn -0.935017 -0.354604 -0.000000
vn -0.822983 -0.568066 0.000000
vn -0.935017 -0.354604 0.000000
vn -0.992709 -0.120537 0.000000
vn -0.992709 -0.120537 0.000000
vn -0.997204 0.074730 0.000000
vn -0.997204 0.074730 0.000000
vn -0.974928 0.222522 0.000000
vn -0.930874 0.365341 0.000000
vn -0.974928 0.222522 0.000000
vn -0.930874 0.365341 0.000000
vn -0.866026 0.500000 0.000000
vn -0.866026 0.500000 0.000000
vn -0.781832 0.623489 0.000000
vn -0.781832 0.623489 0.000000
vn -0.680172 0.733052 0.000000
vn -0.680172 0.733052 0.000000
vn -0.563320 0.826239 0.000000
vn -0.563320 0.826239 0.000000
vn -0.433883 0.900969 0.000000
vn -0.433883 0.900969 0.000000
vn -0.294755 0.955573 0.000000
vn -0.294755 0.955573 0.000000
vn -0.149042 0.988831 0.000000
vn -0.149042 0.988831 0.000000
vn 0.000000 1.000000 0.000000
vn 0.000000 1.000000 0.000000
vn 0.149042 0.988831 -0.000000
vn 0.149042 0.988831 0.000000
vn 0.294755 0.955573 -0.000000
vn 0.294755 0.955573 0.000000
vn 0.433883 0.900969 -0.000000
vn 0.433883 0.900969 0.000000
vn 0.563321 0.826238 -0.000000
vn 0.563321 0.826238 0.000000
vn 0.680172 0.733052 -0.000000
vn 0.680172 0.733052 0.000000
vn 0.781832 0.623490 -0.000000
vn 0.781832 0.623490 0.000000
vn 0.866026 0.500000 0.000000
vn 0.866026 0.500000 -0.000000
vn 0.930874 0.365341 0.000000
vn 0.930874 0.365341 -0.000000
vn 0.974928 0.222521 0.000000
vn 0.974928 0.222521 -0.000000
vn 0.997204 0.074730 0.000000
vn 0.997204 0.074730 -0.000000
vn 0.997204 -0.074730 0.000000
vn 0.974928 -0.222521 0.000000
vn 0.997204 -0.074730 0.000000
vn 0.974928 -0.222521 0.000000
vn 0.930874 -0.365341 0.000000
vn 0.930874 -0.365341 0.000000
vn 0.866026 -0.500000 0.000000
vn 0.866026 -0.500000 0.000000
vn 0.781831 -0.623490 0.000000
vn 0.781831 -0.623490 0.000000
vn 0.680173 -0.733052 0.000000
vn 0.680173 -0.733052 0.000000
vn 0.563320 -0.826239 0.000000
vn 0.563320 -0.826239 0.000000
vn 0.433884 -0.900969 0.000000
vn 0.433884 -0.900969 0.000000
vn 0.294755 -0.955573 0.000000
vn 0.294755 -0.955573 0.000000
vn 0.149042 -0.988831 0.000000
vn 0.149042 -0.988831 0.000000
vn 0.000000 -1.000000 0.000000
vn 0.000000 -1.000000 0.000000
vn -0.149042 -0.988831 0.000000
vn -0.149042 -0.988831 0.000000
vn -0.294755 -0.955573 0.000000
vn -0.294755 -0.955573 0.000000
vn -0.433884 -0.900969 0.000000
vn -0.433884 -0.900969 0.000000
vn -0.563320 -0.826239 0.000000
vn -0.563320 -0.826239 0.000000
vn -0.680173 -0.733052 0.000000
vn -0.680173 -0.733052 0.000000
vn -0.781832 -0.623490 0.000000
vn -0.781832 -0.623490 0.000000
vn -0.866026 -0.500000 0.000000
vn -0.866026 -0.500000 0.000000
vn -0.930874 -0.365341 0.000000
vn -0.930874 -0.365341 0.000000
vn -0.974928 -0.222522 0.000000
vn -0.974928 -0.222522 0.000000
vn -0.997204 -0.074730 0.000000
vn -0.997204 -0.074730 0.000000
vn -0.992709 0.120535 0.000000
vn -0.992709 0.120535 0.000000
vn -0.935015 0.354607 0.000000
vn -0.935015 0.354607 0.000000
vn -0.822984 0.568064 0.000000
vn -0.663122 0.748511 0.000000
vn -0.822984 0.568064 0.000000
vn -0.663122 0.748511 0.000000
vn -0.464723 0.885456 0.000000
vn -0.464723 0.885456 0.000000
vn -0.239316 0.970942 0.000000
vn 0.000000 1.000000 0.000000
vn -0.239316 0.970942 0.000000
vn 0.239316 0.970942 0.000000
vn 0.000000 1.000000 0.000000
vn 0.239316 0.970942 0.000000
vn 0.464723 0.885456 0.000000
vn 0.464723 0.885456 -0.000000
vn 0.663122 0.748511 0.000000
vn 0.663122 0.748511 -0.000000
vn 0.822984 0.568064 0.000000
vn 0.935015 0.354607 0.000000
vn 0.822984 0.568064 -0.000000
vn 0.935015 0.354607 0.000000
vn 0.992709 0.120535 -0.000000
vn 0.992709 0.120535 0.000000
vn 0.992709 -0.120535 0.000000
vn 0.992709 -0.120535 0.000000
vn 0.935015 -0.354608 0.000000
vn 0.935015 -0.354608 0.000000
vn 0.822984 -0.568064 0.000000
vn 0.822984 -0.568064 0.000000
vn 0.663122 -0.748511 0.000000
vn 0.663122 -0.748511 0.000000
vn 0.464724 -0.885456 0.000000
vn 0.464724 -0.885456 0.000000
vn 0.239316 -0.970942 0.000000
vn 0.239316 -0.970942 0.000000
vn 0.000000 -1.000000 0.000000
vn 0.000000 -1.000000 0.000000
vn -0.239316 -0.970942 0.000000
vn -0.239316 -0.970942 0.000000
vn -0.464724 -0.885456 0.000000
vn -0.464724 -0.885456 0.000000
vn -0.663122 -0.748511 -0.000000
vn -0.663122 -0.748511 0.000000
vn -0.822984 -0.568064 0.000000
vn -0.822984 -0.568064 0.000000
vn -0.935015 -0.354608 0.000000
vn -0.992709 -0.120535 -0.000000
vn -0.935015 -0.354608 0.000000
vn -0.992709 -0.120535 0.000000
vn 0.000000 0.000000 1.000000
vn 0.000000 0.000000 1.000000
vn 0.000000 0.000000 1.000000
vn 0.000000 0.000000 1.000000
vn 0.000000 0.000000 1.000000
vn 0.000000 0.000000 1.000000
vn 0.000000 0.000000 1.000000
vn 0.000000 0.000000 1.000000
vn 0.000000 0.000000 1.000000
vn 0.000000 0.000000 1.000000
vn 0.000000 0.000000 1.000000
vn 0.000000 0.000000 1.000000
vn 0.000000 0.000000 1.000000
vn 0.000000 0.000000 1.000000
vn 0.000000 0.000000 1.000000
vn 0.000000 0.000000 1.000000
vn 0.000000 0.000000 1.000000
vn 0.000000 0.000000 1.000000
vn 0.000000 0.000000 1.000000
vn 0.000000 0.000000 1.000000
vn 0.000000 0.000000 1.000000
vn 0.000000 0.000000 1.000000
vn 0.000000 0.000000 1.000000
vn 0.000000 0.000000 1.000000
vn 0.000000 0.000000 1.000000
vn 0.000000 0.000000 1.000000
vn 0.000000 0.000000 1.000000
vn 0.000000 0.000000 1.000000
vn 0.000000 0.000000 1.000000
vn 0.000000 0.000000 1.000000
vn 0.000000 0.000000 1.000000
vn 0.000000 0.000000 1.000000
vn 0.000000 0.000000 1.000000
vn 0.000000 0.000000 1.000000
vn 0.000000 0.000000 1.000000
vn 0.000000 0.000000 1.000000
vn 0.000000 0.000000 1.000000
vn 0.000000 0.000000 1.000000
vn 0.000000 0.000000 1.000000
vn 0.000000 0.000000 1.000000
vn 0.000000 0.000000 1.000000
vn 0.000000 0.000000 1.000000
vn 0.000000 0.000000 1.000000
vn 0.000000 0.000000 1.000000
vn 0.000000 0.000000 1.000000
vn 0.000000 0.000000 1.000000
vn 0.000000 0.000000 1.000000
vn 0.000000 0.000000 1.000000
vn 0.000000 0.000000 1.000000
vn 0.000000 0.000000 1.000000
vn 0.000000 0.000000 1.000000
vn 0.000000 0.000000 1.000000
vn 0.000000 0.000000 1.000000
vn 0.000000 0.000000 1.000000
vn 0.000000 0.000000 1.000000
vn 0.000000 0.000000 1.000000
vn 0.000000 0.000000 1.000000
vn 0.000000 0.000000 1.000000
vn 0.000000 0.000000 1.000000
vn 0.000000 0.000000 1.000000
vn 0.000000 0.000000 1.000000
vn 0.000000 0.000000 1.000000
vn 0.000000 0.000000 1.000000
vn 0.000000 0.000000 1.000000
vn 0.000000 0.000000 1.000000
vn 0.000000 0.000000 1.000000
vn 0.000000 0.000000 1.000000
vn 0.000000 0.000000 1.000000
vn 0.000000 0.000000 1.000000
vn 0.000000 0.000000 1.000000
vn 0.000000 0.000000 1.000000
vn 0.000000 0.000000 1.000000
vn 0.000000 0.000000 1.000000
vn 0.000000 0.000000 1.000000
vn 0.000000 0.000000 1.000000
vn 0.000000 0.000000 1.000000
vn 0.000000 0.000000 1.000000
vn 0.000000 0.000000 1.000000
vn 0.000000 0.000000 1.000000
vn 0.000000 0.000000 1.000000
vn 0.000000 0.000000 1.000000
vn 0.000000 0.000000 1.000000
vn 0.000000 0.000000 1.000000
vn 0.000000 0.000000 1.000000
vn 0.000000 0.000000 1.000000
vn 0.000000 0.000000 1.000000
vn 0.000000 0.000000 1.000000
vn 0.000000 0.000000 1.000000
vn 0.000000 0.000000 1.000000
vn 0.000000 0.000000 1.000000
vn 0.000000 0.000000 1.000000
vn 0.000000 0.000000 1.000000
vn 0.000000 0.000000 1.000000
vn 0.000000 0.000000 1.000000
vn 0.000000 0.000000 1.000000
vn 0.000000 0.000000 1.000000
vn 0.000000 0.000000 1.000000
vn 0.000000 0.000000 1.000000
vn 0.000000 0.000000 1.000000
vn 0.000000 0.000000 1.000000
vn 0.000000 0.000000 1.000000
vn 0.000000 0.000000 1.000000
vn 0.000000 0.000000 1.000000
vn 0.000000 0.000000 1.000000
vn 0.000000 0.000000 1.000000
vn 0.000000 0.000000 1.000000
vn 0.000000 0.000000 1.000000
vn 0.000000 0.000000 1.000000
vn 0.000000 0.000000 1.000000
vn 0.000000 0.000000 1.000000
vn 0.000000 0.000000 1.000000
vn 0.000000 0.000000 1.000000
vn 0.000000 0.000000 1.000000
vn 0.000000 0.000000 1.000000
vn 0.000000 0.000000 1.000000
vn 0.000000 0.000000 1.000000
vn 0.000000 0.000000 1.000000
vn 0.000000 0.000000 1.000000
vn 0.000000 0.000000 1.000000
vn 0.000000 0.000000 1.000000
vn 0.000000 0.000000 1.000000
vn 0.000000 0.000000 1.000000
vn 0.000000 0.000000 1.000000
vn 0.000000 0.000000 1.000000
vn -1.000000 -0.000000 0.000000
vn -1.000000 0.000000 0.000000
vn -0.993712 0.000000 0.111963
vn -0.943883 0.000000 0.330280
vn -0.993712 0.000000 0.111963
vn -0.846724 0.000000 0.532032
vn -0.943883 0.000000 0.330280
vn -0.707107 0.000000 0.707107
vn -0.846724 0.000000 0.532032
vn -0.532032 0.000000 0.846724
vn -0.707107 0.000000 0.707107
vn -0.330281 0.000000 0.943883
vn -0.532032 0.000000 0.846724
vn -0.330281 0.000000 0.943883
vn -0.111963 0.000000 0.993712
vn -0.111963 0.000000 0.993712
vn 0.000000 0.000000 1.000000
vn 0.000000 0.000000 1.000000
vn 0.111963 0.000000 0.993712
vn 0.111963 -0.000000 0.993712
vn 0.330281 0.000000 0.943883
vn 0.532032 0.000000 0.846724
vn 0.330281 -0.000000 0.943883
vn 0.532032 0.000000 0.846724
vn 0.707107 0.000000 0.707107
vn 0.846724 0.000000 0.532032
vn 0.707107 -0.000000 0.707107
vn 0.846724 0.000000 0.532032
vn 0.943883 0.000000 0.330280
vn 0.943883 -0.000000 0.330280
vn 0.993712 0.000000 0.111963
vn 0.993712 -0.000000 0.111963
vn 1.000000 0.000000 -0.000000
vn 1.000000 0.000000 0.000000
vn 0.098017 0.000000 0.995185
vn 0.290285 0.000000 0.956940
vn 0.098017 0.000000 0.995185
vn 0.290285 0.000000 0.956940
vn 0.471398 0.000000 0.881921
vn 0.634392 0.000000 0.773012
vn 0.471398 0.000000 0.881921
vn 0.634392 0.000000 0.773012
vn 0.773010 0.000000 0.634393
vn 0.773010 0.000000 0.634393
vn 0.881922 0.000000 0.471396
vn 0.956940 0.000000 0.290285
vn 0.881922 0.000000 0.471396
vn 0.956940 0.000000 0.290285
vn 0.995185 0.000000 0.098017
vn 0.995185 0.000000 0.098017
vn 1.000000 0.000000 0.000000
vn 1.000000 0.000000 0.000000
vn 0.995185 0.000000 -0.098017
vn 0.956940 0.000000 -0.290285
vn 0.995185 0.000000 -0.098017
vn 0.881922 0.000000 -0.471396
vn 0.956940 0.000000 -0.290285
vn 0.881922 0.000000 -0.471396
vn 0.773010 0.000000 -0.634393
vn 0.773010 0.000000 -0.634393
vn 0.634392 0.000000 -0.773012
vn 0.471398 0.000000 -0.881921
vn 0.634392 0.000000 -0.773012
vn 0.471398 0.000000 -0.881921
vn 0.290285 0.000000 -0.956940
vn 0.290285 0.000000 -0.956940
vn 0.098017 0.000000 -0.995185
vn 0.098017 0.000000 -0.995185
vn 0.000000 0.000000 -1.000000
vn 0.000000 0.000000 -1.000000
vn 0.000000 0.000000 -1.000000
vn 0.000000 0.000000 -1.000000
vn 0.000000 0.000000 -1.000000
vn 0.000000 0.000000 -1.000000
vn -0.995185 0.000000 0.098017
vn -0.995185 0.000000 0.098017
vn -0.956940 0.000000 0.290285
vn -0.956940 0.000000 0.290285
vn -0.881922 0.000000 0.471396
vn -0.881922 0.000000 0.471396
vn -0.773010 0.000000 0.634393
vn -0.773010 0.000000 0.634393
vn -0.634392 0.000000 0.773012
vn -0.634392 0.000000 0.773012
vn -0.471398 0.000000 0.881921
vn -0.471398 0.000000 0.881921
vn -0.290285 0.000000 0.956940
vn -0.098017 0.000000 0.995185
vn -0.290285 0.000000 0.956940
vn -0.098017 0.000000 0.995185
vn -0.098017 0.000000 -0.995185
vn -0.098017 -0.000000 -0.995185
vn -0.290285 -0.000000 -0.956940
vn -0.290285 0.000000 -0.956940
vn -0.471398 -0.000000 -0.881921
vn -0.471398 0.000000 -0.881921
vn -0.634392 -0.000000 -0.773012
vn -0.634392 0.000000 -0.773012
vn -0.773010 -0.000000 -0.634393
vn -0.881922 -0.000000 -0.471396
vn -0.773010 0.000000 -0.634393
vn -0.881922 -0.000000 -0.471396
vn -0.956940 -0.000000 -0.290285
vn -0.956940 0.000000 -0.290285
vn -0.995185 -0.000000 -0.098017
vn -0.995185 0.000000 -0.098017
vn -1.000000 0.000000 -0.000000
vn -1.000000 -0.000000 0.000000
vn -0.992709 0.000000 0.120535
vn -0.935015 0.000000 0.354607
vn -0.992709 0.000000 0.120535
vn -0.935015 0.000000 0.354607
vn -0.822985 0.000000 0.568063
vn -0.822985 0.000000 0.568063
vn -0.663121 0.000000 0.748513
vn -0.464723 0.000000 0.885456
vn -0.663121 0.000000 0.748513
vn -0.239319 0.000000 0.970941
vn -0.464723 0.000000 0.885456
vn -0.239319 0.000000 0.970941
vn 0.000000 0.000000 1.000000
vn 0.000000 0.000000 1.000000
vn 0.239319 0.000000 0.970941
vn 0.464723 -0.000000 0.885456
vn 0.239319 0.000000 0.970941
vn 0.663121 -0.000000 0.748513
vn 0.464723 0.000000 0.885456
vn 0.663121 0.000000 0.748513
vn 0.822985 0.000000 0.568063
vn 0.822985 0.000000 0.568063
vn 0.935015 -0.000000 0.354607
vn 0.935015 0.000000 0.354607
vn 0.992709 0.000000 0.120535
vn 0.992709 0.000000 0.120535
vn 0.992709 0.000000 -0.120535
vn 0.992709 0.000000 -0.120535
vn 0.935015 0.000000 -0.354607
vn 0.935015 0.000000 -0.354607
vn 0.822985 0.000000 -0.568063
vn 0.822985 0.000000 -0.568063
vn 0.663121 0.000000 -0.748513
vn 0.663121 0.000000 -0.748513
vn 0.464723 0.000000 -0.885456
vn 0.239316 0.000000 -0.970942
vn 0.464723 0.000000 -0.885456
vn 0.239316 0.000000 -0.970942
vn 0.000000 0.000000 -1.000000
vn 0.000000 0.000000 -1.000000
vn -0.239316 0.000000 -0.970942
vn -0.464723 0.000000 -0.885456
vn -0.239316 -0.000000 -0.970942
vn -0.464723 0.000000 -0.885456
vn -0.663121 0.000000 -0.748513
vn -0.663121 -0.000000 -0.748513
vn -0.822985 0.000000 -0.568063
vn -0.822985 -0.000000 -0.568063
vn -0.935015 0.000000 -0.354607
vn -0.935015 -0.000000 -0.354607
vn -0.992709 0.000000 -0.120535
vn -0.992709 -0.000000 -0.120535
vn -0.992709 0.000000 0.120535
vn -0.992709 0.000000 0.120535
vn -0.935015 0.000000 0.354607
vn -0.935015 0.000000 0.354607
vn -0.822985 0.000000 0.568063
vn -0.822985 0.000000 0.568063
vn -0.663121 0.000000 0.748513
vn -0.464723 0.000000 0.885456
vn -0.663121 0.000000 0.748513
vn -0.464723 0.000000 0.885456
vn -0.239316 0.000000 0.970942
vn -0.239316 0.000000 0.970942
vn 0.000000 0.000000 1.000000
vn 0.000000 0.000000 1.000000
vn 0.239316 0.000000 0.970942
vn 0.464723 -0.000000 0.885456
vn 0.239316 0.000000 0.970942
vn 0.464723 0.000000 0.885456
vn 0.663121 0.000000 0.748513
vn 0.663121 0.000000 0.748513
vn 0.822985 0.000000 0.568063
vn 0.822985 0.000000 0.568063
vn 0.935015 0.000000 0.354607
vn 0.935015 0.000000 0.354607
vn 0.992709 0.000000 0.120535
vn 0.992709 0.000000 0.120535
vn 0.992709 0.000000 -0.120535
vn 0.992709 0.000000 -0.120535
vn 0.935015 0.000000 -0.354607
vn 0.935015 0.000000 -0.354607
vn 0.822985 0.000000 -0.568063
vn 0.822985 0.000000 -0.568063
vn 0.663121 0.000000 -0.748513
vn 0.663121 0.000000 -0.748513
vn 0.464723 0.000000 -0.885456
vn 0.239319 0.000000 -0.970941
vn 0.464723 0.000000 -0.885456
vn 0.239319 0.000000 -0.970941
vn 0.000000 0.000000 -1.000000
vn 0.000000 0.000000 -1.000000
vn -0.239319 0.000000 -0.970941
vn -0.464723 0.000000 -0.885456
vn -0.239319 -0.000000 -0.970941
vn -0.663121 0.000000 -0.748513
vn -0.464723 0.000000 -0.885456
vn -0.663121 0.000000 -0.748513
vn -0.822985 0.000000 -0.568063
vn -0.822985 -0.000000 -0.568063
vn -0.935015 0.000000 -0.354607
vn -0.992709 0.000000 -0.120535
vn -0.935015 -0.000000 -0.354607
vn -0.992709 0.000000 -0.120535
vn -0.992709 0.000000 0.120535
vn -0.935015 0.000000 0.354607
vn -0.992709 0.000000 0.120535
vn -0.935015 0.000000 0.354607
vn -0.822985 0.000000 0.568063
vn -0.822985 0.000000 0.568063
vn -0.663121 0.000000 0.748513
vn -0.464723 0.000000 0.885456
vn -0.663121 0.000000 0.748513
vn -0.239319 0.000000 0.970941
vn -0.464723 0.000000 0.885456
vn -0.239319 0.000000 0.970941
vn 0.000000 0.000000 1.000000
vn 0.000000 0.000000 1.000000
vn 0.239319 0.000000 0.970941
vn 0.464723 -0.000000 0.885456
vn 0.239319 0.000000 0.970941
vn 0.663121 -0.000000 0.748513
vn 0.464723 0.000000 0.885456
vn 0.663121 0.000000 0.748513
vn 0.822985 0.000000 0.568063
vn 0.822985 0.000000 0.568063
vn 0.935015 -0.000000 0.354607
vn 0.935015 0.000000 0.354607
vn 0.992709 0.000000 0.120535
vn 0.992709 0.000000 0.120535
vn 0.992709 0.000000 -0.120535
vn 0.992709 0.000000 -0.120535
vn 0.935015 0.000000 -0.354607
vn 0.935015 0.000000 -0.354607
vn 0.822985 0.000000 -0.568063
vn 0.822985 0.000000 -0.568063
vn 0.663121 0.000000 -0.748513
vn 0.663121 0.000000 -0.748513
vn 0.464723 0.000000 -0.885456
vn 0.239316 0.000000 -0.970942
vn 0.464723 0.000000 -0.885456
vn 0.239316 0.000000 -0.970942
vn 0.000000 0.000000 -1.000000
vn 0.000000 0.000000 -1.000000
vn -0.239316 0.000000 -0.970942
vn -0.464723 0.000000 -0.885456
vn -0.239316 -0.000000 -0.970942
vn -0.464723 0.000000 -0.885456
vn -0.663121 0.000000 -0.748513
vn -0.663121 -0.000000 -0.748513
vn -0.822985 0.000000 -0.568063
vn -0.822985 -0.000000 -0.568063
vn -0.935015 0.000000 -0.354607
vn -0.935015 -0.000000 -0.354607
vn -0.992709 0.000000 -0.120535
vn -0.992709 -0.000000 -0.120535
vn -0.992709 0.000000 0.120535
vn -0.992709 0.000000 0.120535
vn -0.935015 0.000000 0.354607
vn -0.935015 0.000000 0.354607
vn -0.822985 0.000000 0.568063
vn -0.822985 0.000000 0.568063
vn -0.663121 0.000000 0.748513
vn -0.464723 0.000000 0.885456
vn -0.663121 0.000000 0.748513
vn -0.464723 0.000000 0.885456
vn -0.239316 0.000000 0.970942
vn -0.239316 0.000000 0.970942
vn 0.000000 0.000000 1.000000
vn 0.000000 0.000000 1.000000
vn 0.239316 0.000000 0.970942
vn 0.464723 -0.000000 0.885456
vn 0.239316 0.000000 0.970942
vn 0.464723 0.000000 0.885456
vn 0.663121 0.000000 0.748513
vn 0.663121 0.000000 0.748513
vn 0.822985 0.000000 0.568063
vn 0.822985 0.000000 0.568063
vn 0.935015 0.000000 0.354607
vn 0.935015 0.000000 0.354607
vn 0.992709 0.000000 0.120535
vn 0.992709 0.000000 0.120535
vn 0.992709 0.000000 -0.120535
vn 0.992709 0.000000 -0.120535
vn 0.935015 0.000000 -0.354607
vn 0.935015 0.000000 -0.354607
vn 0.822985 0.000000 -0.568063
vn 0.822985 0.000000 -0.568063
vn 0.663121 0.000000 -0.748513
vn 0.663121 0.000000 -0.748513
vn 0.464723 0.000000 -0.885456
vn 0.239319 0.000000 -0.970941
vn 0.464723 0.000000 -0.885456
vn 0.239319 0.000000 -0.970941
vn 0.000000 0.000000 -1.000000
vn 0.000000 0.000000 -1.000000
vn -0.239319 0.000000 -0.970941
vn -0.464723 0.000000 -0.885456
vn -0.239319 -0.000000 -0.970941
vn -0.663121 0.000000 -0.748513
vn -0.464723 0.000000 -0.885456
vn -0.663121 0.000000 -0.748513
vn -0.822985 0.000000 -0.568063
vn -0.822985 -0.000000 -0.568063
vn -0.935015 0.000000 -0.354607
vn -0.992709 0.000000 -0.120535
vn -0.935015 -0.000000 -0.354607
vn -0.992709 0.000000 -0.120535
vn 0.000000 1.000000 0.000000
vn 0.000000 1.000000 0.000000
vn 0.000000 1.000000 0.000000
vn 0.000000 1.000000 0.000000
vn 0.000000 1.000000 0.000000
vn 0.000000 1.000000 0.000000
vn 0.000000 1.000000 0.000000
vn 0.000000 1.000000 0.000000
vn 0.000000 1.000000 0.000000
vn 0.000000 1.000000 0.000000
vn 0.000000 1.000000 0.000000
vn 0.000000 1.000000 0.000000
vn 0.000000 1.000000 0.000000
vn 0.000000 1.000000 0.000000
vn 0.000000 1.000000 0.000000
vn 0.000000 1.000000 0.000000
vn 0.000000 1.000000 0.000000
vn 0.000000 1.000000 0.000000
vn -1.000000 0.000000 0.000000
vn -1.000000 0.000000 0.000000
vn 0.000000 1.000000 0.000000
vn 0.000000 1.000000 0.000000
vn 0.000000 1.000000 0.000000
vn 0.000000 1.000000 0.000000
vn 0.000000 1.000000 0.000000
vn 0.000000 1.000000 0.000000
vn 0.000000 1.000000 0.000000
vn 0.000000 1.000000 0.000000
vn 0.000000 1.000000 0.000000
vn 0.000000 1.000000 0.000000
vn 0.000000 1.000000 0.000000
vn 0.000000 1.000000 0.000000
vn 0.000000 1.000000 0.000000
vn 0.000000 1.000000 0.000000
vn 0.000000 1.000000 0.000000
vn 0.000000 1.000000 0.000000
vn 0.000000 1.000000 0.000000
vn 0.000000 1.000000 0.000000
vn 0.000000 1.000000 0.000000
vn 0.000000 1.000000 0.000000
vn 0.000000 1.000000 0.000000
vn 0.000000 1.000000 0.000000
vn 0.000000 1.000000 0.000000
vn 0.000000 1.000000 0.000000
vn 0.000000 1.000000 0.000000
vn 0.000000 1.000000 0.000000
vn 0.000000 1.000000 0.000000
vn 0.000000 1.000000 0.000000
vn 0.000000 1.000000 0.000000
vn 0.000000 1.000000 0.000000
vn 0.000000 1.000000 0.000000
vn 0.000000 1.000000 0.000000
vn 0.000000 1.000000 0.000000
vn 0.000000 1.000000 0.000000
vn 0.000000 1.000000 0.000000
vn 0.000000 1.000000 0.000000
vn 0.000000 1.000000 0.000000
vn 0.000000 1.000000 0.000000
vn 0.000000 1.000000 0.000000
vn 0.000000 1.000000 0.000000
vn 0.000000 1.000000 0.000000
vn 0.000000 1.000000 0.000000
vn 0.000000 1.000000 0.000000
vn 0.000000 1.000000 0.000000
vn 0.000000 1.000000 0.000000
vn 0.000000 1.000000 0.000000
vn 0.000000 1.000000 0.000000
vn 0.000000 1.000000 0.000000
vn 0.000000 1.000000 0.000000
vn 0.000000 1.000000 0.000000
vn 0.000000 1.000000 0.000000
vn 0.000000 1.000000 0.000000
vn 0.000000 1.000000 0.000000
vn 0.000000 1.000000 0.000000
vn 0.000000 1.000000 0.000000
vn 0.000000 1.000000 0.000000
vn 0.000000 1.000000 0.000000
vn 0.000000 1.000000 0.000000
vn 1.000000 -0.000000 0.000000
vn 1.000000 0.000000 0.000000
vn 0.000000 1.000000 0.000000
vn 0.000000 1.000000 0.000000
vn 0.000000 1.000000 0.000000
vn 0.000000 1.000000 0.000000
vn 0.000000 1.000000 0.000000
vn 0.000000 1.000000 0.000000
vn 0.000000 1.000000 0.000000
vn 0.000000 1.000000 0.000000
vn 0.000000 1.000000 0.000000
vn 0.000000 1.000000 0.000000
vn 0.000000 1.000000 0.000000
vn 0.000000 1.000000 0.000000
vn 0.000000 1.000000 0.000000
vn 0.000000 1.000000 0.000000
vn 0.000000 1.000000 0.000000
vn 0.000000 1.000000 0.000000
vn 0.000000 1.000000 0.000000
vn 0.000000 1.000000 0.000000
vn 0.000000 1.000000 0.000000
vn 0.000000 1.000000 0.000000
vn 0.000000 1.000000 0.000000
vn 0.000000 1.000000 0.000000
vn 0.000000 1.000000 0.000000
vn 0.000000 1.000000 0.000000
vn 0.000000 1.000000 0.000000
vn 0.000000 1.000000 0.000000
vn 0.000000 1.000000 0.000000
vn 0.000000 1.000000 0.000000
vn 0.000000 1.000000 0.000000
vn 0.000000 1.000000 0.000000
vn 0.000000 1.000000 0.000000
vn 0.000000 1.000000 0.000000
vn 0.000000 1.000000 0.000000
vn 0.000000 1.000000 0.000000
vn 0.000000 1.000000 0.000000
vn 0.000000 1.000000 0.000000
vn 0.000000 1.000000 0.000000
vn 0.000000 1.000000 0.000000
vn 0.000000 1.000000 0.000000
vn 0.000000 1.000000 0.000000
vn 0.000000 1.000000 0.000000
vn 0.000000 1.000000 0.000000
vn 0.000000 1.000000 0.000000
vn 0.000000 1.000000 0.000000
vn 0.000000 1.000000 0.000000
vn 0.000000 1.000000 0.000000
vn 0.000000 1.000000 0.000000
vn 0.000000 1.000000 0.000000
vn 0.000000 1.000000 0.000000
vn 0.000000 1.000000 0.000000
vn 0.000000 1.000000 0.000000
vn 0.000000 1.000000 0.000000
vn 0.000000 1.000000 0.000000
vn 0.000000 1.000000 0.000000
vn 0.000000 1.000000 0.000000
vn 0.000000 1.000000 0.000000
vn 0.000000 1.000000 0.000000
vn 0.000000 1.000000 0.000000
vn 0.000000 1.000000 0.000000
vn 0.000000 1.000000 0.000000
vn 0.000000 1.000000 0.000000
vn 0.000000 1.000000 0.000000
vn 0.000000 1.000000 0.000000
vn 0.000000 1.000000 0.000000
vn 0.000000 1.000000 0.000000
vn 0.000000 1.000000 0.000000
vn 0.000000 1.000000 0.000000
vn 0.000000 1.000000 0.000000
vn 0.000000 1.000000 0.000000
vn 0.000000 1.000000 0.000000
vn 0.000000 1.000000 0.000000
vn 0.000000 1.000000 0.000000
vn 0.000000 1.000000 0.000000
vn 0.000000 1.000000 0.000000
vn 0.000000 1.000000 0.000000
vn 0.000000 1.000000 0.000000
vn 0.000000 1.000000 0.000000
vn 0.000000 1.000000 0.000000
vn 0.000000 1.000000 0.000000
vn 0.000000 1.000000 0.000000
vn 0.000000 1.000000 0.000000
vn 0.000000 1.000000 0.000000
vn 0.000000 1.000000 0.000000
vn 0.000000 1.000000 0.000000
vn 0.000000 1.000000 0.000000
vn 0.000000 1.000000 0.000000
vn 0.000000 1.000000 0.000000
vn 0.000000 1.000000 0.000000
vn 0.000000 1.000000 0.000000
vn 0.000000 1.000000 0.000000
vn 0.000000 1.000000 0.000000
vn 0.000000 1.000000 0.000000
vn 0.000000 1.000000 0.000000
vn 0.000000 1.000000 0.000000
vn 0.000000 1.000000 0.000000
vn 0.000000 1.000000 0.000000
vn 0.000000 1.000000 0.000000
vn 0.000000 1.000000 0.000000
vn 0.000000 1.000000 0.000000
vn 0.000000 1.000000 0.000000
vn 0.000000 1.000000 0.000000
vn 0.000000 1.000000 0.000000
vn 0.000000 1.000000 0.000000
vn 0.000000 1.000000 0.000000
vn 0.000000 1.000000 0.000000
vn 0.000000 1.000000 0.000000
vn 0.000000 1.000000 0.000000
vn 0.000000 1.000000 0.000000
vn 0.000000 1.000000 0.000000
vn 0.000000 1.000000 0.000000
vn 0.000000 1.000000 0.000000
vn 0.000000 1.000000 0.000000
vn 0.000000 1.000000 0.000000
vn 0.000000 1.000000 0.000000
vn -0.992709 0.000000 0.120537
vn -0.992709 0.000000 0.120537
vn -0.935017 0.000000 0.354604
vn -0.935017 0.000000 0.354604
vn -0.822983 0.000000 0.568066
vn -0.822983 0.000000 0.568066
vn -0.663123 0.000000 0.748510
vn -0.663123 0.000000 0.748510
vn -0.464724 0.000000 0.885456
vn -0.464724 0.000000 0.885456
vn -0.239316 0.000000 0.970942
vn 0.000000 -0.000000 1.000000
vn -0.239316 0.000000 0.970942
vn 0.000000 0.000000 1.000000
vn 0.239316 -0.000000 0.970942
vn 0.239316 0.000000 0.970942
vn 0.464725 -0.000000 0.885455
vn 0.464725 0.000000 0.885455
vn 0.663122 -0.000000 0.748511
vn 0.822984 -0.000000 0.568065
vn 0.663122 0.000000 0.748511
vn 0.822984 -0.000000 0.568065
vn 0.935015 0.000000 0.354607
vn 0.935015 -0.000000 0.354607
vn 0.992709 -0.000000 0.120535
vn 0.992709 -0.000000 0.120535
vn 0.992709 0.000000 -0.120535
vn 0.992709 0.000000 -0.120535
vn 0.935015 0.000000 -0.354607
vn 0.935015 0.000000 -0.354607
vn 0.822984 0.000000 -0.568065
vn 0.822984 0.000000 -0.568065
vn 0.663122 0.000000 -0.748511
vn 0.663122 0.000000 -0.748511
vn 0.464725 0.000000 -0.885455
vn 0.239316 0.000000 -0.970942
vn 0.464725 0.000000 -0.885455
vn 0.239316 0.000000 -0.970942
vn 0.000000 0.000000 -1.000000
vn 0.000000 0.000000 -1.000000
vn -0.239316 0.000000 -0.970942
vn -0.239316 0.000000 -0.970942
vn -0.464724 0.000000 -0.885456
vn -0.663123 0.000000 -0.748510
vn -0.464724 0.000000 -0.885456
vn -0.663123 0.000000 -0.748510
vn -0.822983 0.000000 -0.568066
vn -0.822983 0.000000 -0.568066
vn -0.935017 0.000000 -0.354604
vn -0.992709 0.000000 -0.120537
vn -0.935017 0.000000 -0.354604
vn -0.992709 0.000000 -0.120537
vn -0.992709 0.000000 0.120537
vn -0.992709 0.000000 0.120537
vn -0.935017 0.000000 0.354604
vn -0.935017 0.000000 0.354604
vn -0.822983 0.000000 0.568066
vn -0.822983 0.000000 0.568066
vn -0.663123 0.000000 0.748510
vn -0.663123 0.000000 0.748510
vn -0.464724 0.000000 0.885456
vn -0.464724 0.000000 0.885456
vn -0.239316 0.000000 0.970942
vn 0.000000 -0.000000 1.000000
vn -0.239316 0.000000 0.970942
vn 0.000000 0.000000 1.000000
vn 0.239316 -0.000000 0.970942
vn 0.239316 0.000000 0.970942
vn 0.464725 -0.000000 0.885455
vn 0.464725 0.000000 0.885455
vn 0.663122 -0.000000 0.748511
vn 0.822984 -0.000000 0.568065
vn 0.663122 0.000000 0.748511
vn 0.822984 -0.000000 0.568065
vn 0.935015 0.000000 0.354607
vn 0.935015 -0.000000 0.354607
vn 0.992709 -0.000000 0.120535
vn 0.992709 -0.000000 0.120535
vn 0.992709 0.000000 -0.120535
vn 0.992709 0.000000 -0.120535
vn 0.935015 0.000000 -0.354607
vn 0.935015 0.000000 -0.354607
vn 0.822984 0.000000 -0.568065
vn 0.822984 0.000000 -0.568065
vn 0.663122 0.000000 -0.748511
vn 0.663122 0.000000 -0.748511
vn 0.464725 0.000000 -0.885455
vn 0.239316 0.000000 -0.970942
vn 0.464725 0.000000 -0.885455
vn 0.239316 0.000000 -0.970942
vn 0.000000 0.000000 -1.000000
vn 0.000000 0.000000 -1.000000
vn -0.239316 0.000000 -0.970942
vn -0.239316 0.000000 -0.970942
vn -0.464724 0.000000 -0.885456
vn -0.663123 0.000000 -0.748510
vn -0.464724 0.000000 -0.885456
vn -0.663123 0.000000 -0.748510
vn -0.822983 0.000000 -0.568066
vn -0.822983 0.000000 -0.568066
vn -0.935017 0.000000 -0.354604
vn -0.992709 0.000000 -0.120537
vn -0.935017 0.000000 -0.354604
vn -0.992709 0.000000 -0.120537
vn 0.000000 1.000000 0.000000
vn 0.000000 1.000000 0.000000
vn 0.000000 1.000000 0.000000
vn 0.000000 1.000000 0.000000
vn 0.000000 1.000000 0.000000
vn 0.000000 1.000000 0.000000
vn 0.000000 1.000000 0.000000
vn 0.000000 1.000000 0.000000
vn 0.000000 1.000000 0.000000
vn 0.000000 1.000000 0.000000
vn 0.000000 1.000000 0.000000
vn 0.000000 1.000000 0.000000
vn 0.000000 1.000000 0.000000
vn 0.000000 1.000000 0.000000
vn 0.000000 1.000000 0.000000
vn 0.000000 1.000000 0.000000
vn 0.000000 1.000000 0.000000
vn 0.000000 1.000000 0.000000
vn 0.000000 1.000000 0.000000
vn 0.000000 1.000000 0.000000
vn 0.000000 1.000000 0.000000
vn 0.000000 1.000000 0.000000
vn 0.000000 1.000000 0.000000
vn 0.000000 1.000000 0.000000
vn 0.000000 1.000000 0.000000
vn 0.000000 1.000000 0.000000
vn 0.000000 1.000000 0.000000
vn 0.000000 1.000000 0.000000
vn 0.000000 1.000000 0.000000
vn 0.000000 1.000000 0.000000
vn 0.000000 1.000000 0.000000
vn 0.000000 1.000000 0.000000
vn 0.000000 1.000000 0.000000
vn 0.000000 1.000000 0.000000
vn 0.000000 1.000000 0.000000
vn 0.000000 1.000000 0.000000
vn 0.000000 1.000000 0.000000
vn 0.000000 1.000000 0.000000
vn 0.000000 1.000000 0.000000
vn 0.000000 1.000000 0.000000
vn 0.000000 1.000000 0.000000
vn 0.000000 1.000000 0.000000
vn 0.000000 1.000000 0.000000
vn 0.000000 1.000000 0.000000
vn 0.000000 1.000000 0.000000
vn 0.000000 1.000000 0.000000
vn 0.000000 1.000000 0.000000
vn 0.000000 1.000000 0.000000
f 1//1 2//1 309//1
f 2//2 3//2 309//2
f 309//3 4//3 1//3
f 3//4 5//4 309//4
f 6//5 7//5 309//5
f 309//6 7//6 4//6
f 5//7 8//7 309//7
f 6//8 9//8 7//8
f 8//9 10//9 309//9
f 6//10 11//10 9//10
f 12//11 13//11 309//11
f 10//12 14//12 309//12
f 309//13 14//13 12//13
f 13//14 15//14 309//14
f 10//15 16//15 14//15
f 15//16 17//16 309//16
f 18//17 19//17 20//17
f 20//18 19//18 10//18
f 10//19 19//19 16//19
f 21//20 22//20 18//20
f 18//21 22//21 19//21
f 23//22 24//22 25//22
f 25//23 24//23 26//23
f 24//24 27//24 26//24
f 26//25 27//25 28//25
f 28//26 27//26 29//26
f 30//27 31//27 32//27
f 32//28 31//28 33//28
f 33//29 31//29 23//29
f 23//30 31//30 24//30
f 27//31 34//31 29//31
f 29//32 34//32 35//32
f 35//33 34//33 36//33
f 36//34 34//34 37//34
f 38//35 39//35 30//35
f 30//36 39//36 31//36
f 34//37 40//37 37//37
f 37//38 40//38 41//38
f 41//39 40//39 42//39
f 22//40 43//40 38//40
f 38//41 43//41 39//41
f 21//42 43//42 22//42
f 42//43 44//43 45//43
f 40//44 44//44 42//44
f 46//45 47//45 48//45
f 48//46 47//46 21//46
f 21//47 47//47 43//47
f 45//48 49//48 50//48
f 50//49 49//49 51//49
f 44//50 49//50 45//50
f 52//51 53//51 46//51
f 46//52 53//52 47//52
f 49//53 54//53 51//53
f 55//54 56//54 52//54
f 52//55 56//55 53//55
f 55//56 57//56 56//56
f 55//57 58//57 57//57
f 59//58 60//58 55//58
f 55//59 60//59 58//59
f 59//60 61//60 60//60
f 59//61 62//61 61//61
f 51//62 317//62 63//62
f 63//63 317//63 17//63
f 54//64 317//64 51//64
f 17//65 317//65 309//65
f 64//66 317//66 65//66
f 65//67 317//67 66//67
f 66//68 317//68 67//68
f 67//69 317//69 68//69
f 68//70 317//70 54//70
f 64//71 69//71 317//71
f 59//72 70//72 62//72
f 69//73 71//73 317//73
f 59//74 72//74 70//74
f 71//75 73//75 317//75
f 59//76 74//76 72//76
f 73//77 75//77 317//77
f 59//78 76//78 74//78
f 75//79 77//79 317//79
f 78//80 79//80 80//80
f 79//81 81//81 80//81
f 78//82 82//82 79//82
f 80//83 83//83 84//83
f 81//84 83//84 80//84
f 78//85 85//85 82//85
f 83//86 86//86 84//86
f 78//87 87//87 85//87
f 88//88 87//88 78//88
f 86//89 89//89 84//89
f 84//90 89//90 90//90
f 88//91 91//91 87//91
f 89//92 92//92 90//92
f 88//93 93//93 91//93
f 94//94 93//94 88//94
f 92//95 95//95 90//95
f 94//96 96//96 93//96
f 97//97 96//97 94//97
f 95//98 98//98 90//98
f 90//99 98//99 99//99
f 97//100 100//100 96//100
f 98//101 101//101 99//101
f 99//102 101//102 102//102
f 59//103 103//103 76//103
f 97//104 103//104 100//104
f 76//105 103//105 97//105
f 101//106 104//106 102//106
f 105//107 106//107 107//107
f 107//108 106//108 108//108
f 108//109 106//109 109//109
f 109//110 106//110 110//110
f 110//111 106//111 111//111
f 111//112 106//112 112//112
f 112//113 106//113 113//113
f 104//114 106//114 102//114
f 77//115 106//115 317//115
f 102//116 106//116 114//116
f 114//117 106//117 77//117
f 113//118 106//118 104//118
f 59//119 106//119 105//119
f 59//120 105//120 103//120
f 9//121 11//121 115//121
f 115//122 11//122 116//122
f 9//123 115//123 7//123
f 7//124 117//124 4//124
f 115//125 117//125 7//125
f 4//126 118//126 1//126
f 117//127 118//127 4//127
f 1//128 119//128 2//128
f 118//129 119//129 1//129
f 2//130 120//130 3//130
f 119//131 120//131 2//131
f 3//132 121//132 5//132
f 120//133 121//133 3//133
f 121//134 122//134 5//134
f 5//135 123//135 8//135
f 122//136 123//136 5//136
f 124//137 125//137 126//137
f 127//138 128//138 125//138
f 127//139 125//139 124//139
f 129//140 126//140 130//140
f 129//141 124//141 126//141
f 131//142 132//142 128//142
f 131//143 128//143 127//143
f 133//144 130//144 134//144
f 133//145 129//145 130//145
f 135//146 6//146 132//146
f 135//147 132//147 131//147
f 136//148 134//148 137//148
f 136//149 133//149 134//149
f 138//150 6//150 135//150
f 139//151 136//151 137//151
f 140//152 6//152 138//152
f 141//153 139//153 137//153
f 142//154 6//154 140//154
f 143//155 141//155 137//155
f 144//156 6//156 142//156
f 145//157 6//157 144//157
f 145//158 146//158 147//158
f 145//159 148//159 146//159
f 145//160 144//160 148//160
f 149//161 143//161 137//161
f 149//162 150//162 143//162
f 149//163 151//163 150//163
f 149//164 152//164 151//164
f 149//165 153//165 152//165
f 154//166 153//166 149//166
f 154//167 155//167 153//167
f 156//168 145//168 147//168
f 156//169 147//169 157//169
f 158//170 155//170 154//170
f 158//171 159//171 155//171
f 160//172 156//172 157//172
f 160//173 157//173 161//173
f 162//174 159//174 158//174
f 163//175 160//175 161//175
f 163//176 161//176 164//176
f 165//177 159//177 162//177
f 165//178 163//178 164//178
f 165//179 164//179 159//179
f 11//180 6//180 145//180
f 116//181 11//181 145//181
f 166//182 149//182 137//182
f 166//183 167//183 149//183
f 168//184 167//184 166//184
f 169//185 167//185 168//185
f 170//186 168//186 166//186
f 171//187 167//187 169//187
f 172//188 170//188 166//188
f 173//189 167//189 171//189
f 174//190 166//190 175//190
f 174//191 172//191 166//191
f 176//192 177//192 167//192
f 176//193 167//193 173//193
f 178//194 175//194 179//194
f 178//195 174//195 175//195
f 180//196 181//196 177//196
f 180//197 177//197 176//197
f 182//198 178//198 179//198
f 183//199 182//199 179//199
f 184//200 181//200 180//200
f 184//201 185//201 181//201
f 186//202 182//202 183//202
f 187//203 185//203 184//203
f 188//204 187//204 184//204
f 189//205 190//205 186//205
f 189//206 186//206 183//206
f 191//207 188//207 192//207
f 191//208 187//208 188//208
f 193//209 194//209 190//209
f 193//210 190//210 189//210
f 195//211 191//211 192//211
f 195//212 192//212 196//212
f 197//213 198//213 194//213
f 197//214 194//214 193//214
f 199//215 195//215 196//215
f 199//216 196//216 200//216
f 201//217 202//217 198//217
f 201//218 203//218 202//218
f 201//219 204//219 203//219
f 201//220 205//220 204//220
f 201//221 198//221 197//221
f 206//222 207//222 205//222
f 206//223 208//223 207//223
f 206//224 200//224 208//224
f 206//225 199//225 200//225
f 206//226 205//226 201//226
f 209//227 59//227 210//227
f 106//228 59//228 209//228
f 211//229 106//229 209//229
f 212//230 106//230 211//230
f 213//231 211//231 209//231
f 214//232 106//232 212//232
f 215//233 213//233 209//233
f 216//234 106//234 214//234
f 217//235 209//235 218//235
f 217//236 215//236 209//236
f 219//237 220//237 106//237
f 219//238 106//238 216//238
f 221//239 218//239 222//239
f 221//240 217//240 218//240
f 223//241 224//241 220//241
f 223//242 220//242 219//242
f 225//243 222//243 226//243
f 225//244 221//244 222//244
f 227//245 228//245 224//245
f 227//246 224//246 223//246
f 229//247 225//247 226//247
f 230//248 229//248 226//248
f 231//249 228//249 227//249
f 232//250 229//250 230//250
f 233//251 228//251 231//251
f 234//252 233//252 231//252
f 235//253 232//253 230//253
f 236//254 233//254 234//254
f 236//255 234//255 237//255
f 238//256 232//256 235//256
f 238//257 239//257 232//257
f 240//258 236//258 237//258
f 240//259 237//259 241//259
f 242//260 239//260 238//260
f 242//261 243//261 239//261
f 244//262 240//262 241//262
f 244//263 245//263 246//263
f 244//264 247//264 245//264
f 244//265 241//265 247//265
f 248//266 243//266 242//266
f 248//267 244//267 246//267
f 248//268 249//268 243//268
f 248//269 250//269 249//269
f 248//270 251//270 250//270
f 248//271 246//271 251//271
f 252//272 253//272 254//272
f 255//273 253//273 252//273
f 255//274 256//274 257//274
f 255//275 257//275 253//275
f 258//276 254//276 259//276
f 258//277 252//277 254//277
f 260//278 256//278 255//278
f 260//279 261//279 256//279
f 262//280 259//280 263//280
f 262//281 258//281 259//281
f 264//282 265//282 261//282
f 264//283 261//283 260//283
f 266//284 263//284 267//284
f 266//285 262//285 263//285
f 268//286 265//286 264//286
f 269//287 266//287 267//287
f 270//288 265//288 268//288
f 271//289 269//289 267//289
f 272//290 265//290 270//290
f 273//291 271//291 267//291
f 274//292 265//292 272//292
f 275//293 267//293 206//293
f 275//294 206//294 201//294
f 275//295 276//295 273//295
f 275//296 277//296 276//296
f 275//297 278//297 277//297
f 275//298 279//298 278//298
f 275//299 273//299 267//299
f 433//300 248//300 265//300
f 433//301 244//301 248//301
f 433//302 280//302 281//302
f 433//303 282//303 280//303
f 433//304 274//304 282//304
f 433//305 265//305 274//305
f 283//306 281//306 284//306
f 283//307 433//307 281//307
f 285//308 286//308 279//308
f 285//309 279//309 275//309
f 287//310 286//310 285//310
f 287//311 288//311 286//311
f 289//312 283//312 284//312
f 289//313 284//313 290//313
f 291//314 288//314 287//314
f 291//315 292//315 288//315
f 293//316 289//316 290//316
f 293//317 292//317 291//317
f 293//318 290//318 292//318
f 10//319 8//319 294//319
f 294//320 8//320 123//320
f 308//321 137//321 134//321
f 308//322 307//322 137//322
f 306//323 134//323 130//323
f 306//324 308//324 134//324
f 304//325 130//325 126//325
f 304//326 306//326 130//326
f 295//327 126//327 125//327
f 295//328 304//328 126//328
f 305//329 125//329 128//329
f 305//330 295//330 125//330
f 296//331 128//331 132//331
f 296//332 305//332 128//332
f 309//333 132//333 6//333
f 309//334 296//334 132//334
f 297//335 55//335 52//335
f 297//336 298//336 55//336
f 299//337 52//337 46//337
f 299//338 297//338 52//338
f 300//339 46//339 48//339
f 300//340 299//340 46//340
f 301//341 48//341 21//341
f 301//342 300//342 48//342
f 302//343 21//343 18//343
f 302//344 301//344 21//344
f 303//345 18//345 20//345
f 303//346 302//346 18//346
f 294//347 20//347 10//347
f 294//348 303//348 20//348
f 295//349 296//349 304//349
f 305//350 296//350 295//350
f 306//351 307//351 308//351
f 304//352 307//352 306//352
f 304//353 309//353 307//353
f 296//354 309//354 304//354
f 309//355 310//355 307//355
f 311//356 312//356 313//356
f 313//357 312//357 314//357
f 312//358 315//358 426//358
f 311//359 315//359 312//359
f 310//360 427//360 311//360
f 309//361 427//361 310//361
f 311//362 427//362 315//362
f 325//363 316//363 317//363
f 318//364 319//364 316//364
f 316//365 319//365 317//365
f 320//366 434//366 319//366
f 321//367 434//367 320//367
f 319//368 434//368 317//368
f 317//369 428//369 309//369
f 309//370 428//370 427//370
f 434//371 428//371 317//371
f 434//372 322//372 428//372
f 323//373 432//373 322//373
f 432//374 431//374 322//374
f 428//375 430//375 324//375
f 324//376 430//376 429//376
f 322//377 430//377 428//377
f 431//378 430//378 322//378
f 59//379 298//379 210//379
f 59//380 55//380 298//380
f 325//381 106//381 220//381
f 325//382 317//382 106//382
f 316//383 220//383 224//383
f 316//384 325//384 220//384
f 318//385 224//385 228//385
f 318//386 228//386 233//386
f 318//387 316//387 224//387
f 319//388 318//388 233//388
f 320//389 233//389 236//389
f 320//390 319//390 233//390
f 321//391 236//391 240//391
f 321//392 320//392 236//392
f 434//393 240//393 244//393
f 434//394 321//394 240//394
f 37//395 41//395 326//395
f 326//396 41//396 327//396
f 327//397 42//397 328//397
f 41//398 42//398 327//398
f 328//399 45//399 329//399
f 42//400 45//400 328//400
f 329//401 50//401 330//401
f 45//402 50//402 329//402
f 330//403 51//403 331//403
f 331//404 51//404 332//404
f 50//405 51//405 330//405
f 51//406 63//406 332//406
f 332//407 17//407 333//407
f 63//408 17//408 332//408
f 333//409 15//409 334//409
f 17//410 15//410 333//410
f 334//411 13//411 335//411
f 15//412 13//412 334//412
f 335//413 12//413 336//413
f 13//414 12//414 335//414
f 336//415 14//415 337//415
f 12//416 14//416 336//416
f 14//417 16//417 337//417
f 337//418 16//418 338//418
f 338//419 16//419 339//419
f 16//420 19//420 339//420
f 19//421 22//421 339//421
f 339//422 22//422 340//422
f 22//423 38//423 340//423
f 340//424 38//424 341//424
f 38//425 30//425 341//425
f 341//426 30//426 342//426
f 30//427 32//427 342//427
f 342//428 32//428 343//428
f 343//429 32//429 344//429
f 32//430 33//430 344//430
f 33//431 23//431 344//431
f 344//432 23//432 345//432
f 23//433 25//433 345//433
f 345//434 25//434 346//434
f 25//435 26//435 346//435
f 346//436 26//436 347//436
f 26//437 28//437 347//437
f 347//438 28//438 348//438
f 28//439 29//439 348//439
f 348//440 29//440 349//440
f 349//441 35//441 350//441
f 350//442 35//442 351//442
f 29//443 35//443 349//443
f 35//444 36//444 351//444
f 351//445 37//445 326//445
f 36//446 37//446 351//446
f 77//447 75//447 352//447
f 352//448 75//448 353//448
f 353//449 73//449 354//449
f 354//450 73//450 355//450
f 75//451 73//451 353//451
f 73//452 71//452 355//452
f 71//453 69//453 355//453
f 355//454 69//454 356//454
f 356//455 69//455 357//455
f 69//456 64//456 357//456
f 64//457 65//457 357//457
f 357//458 65//458 358//458
f 358//459 65//459 359//459
f 65//460 66//460 359//460
f 66//461 67//461 359//461
f 359//462 67//462 360//462
f 67//463 68//463 360//463
f 360//464 68//464 361//464
f 68//465 54//465 361//465
f 361//466 54//466 362//466
f 362//467 54//467 363//467
f 54//468 49//468 363//468
f 49//469 44//469 363//469
f 363//470 44//470 364//470
f 44//471 40//471 364//471
f 364//472 40//472 365//472
f 40//473 34//473 365//473
f 365//474 34//474 366//474
f 34//475 27//475 366//475
f 366//476 27//476 367//476
f 27//477 24//477 367//477
f 367//478 24//478 368//478
f 24//479 31//479 368//479
f 368//480 31//480 369//480
f 369//481 39//481 370//481
f 31//482 39//482 369//482
f 370//483 43//483 371//483
f 39//484 43//484 370//484
f 371//485 47//485 372//485
f 43//486 47//486 371//486
f 372//487 53//487 373//487
f 47//488 53//488 372//488
f 373//489 56//489 374//489
f 374//490 56//490 375//490
f 53//491 56//491 373//491
f 56//492 57//492 375//492
f 375//493 58//493 376//493
f 57//494 58//494 375//494
f 376//495 60//495 377//495
f 58//496 60//496 376//496
f 377//497 61//497 378//497
f 60//498 61//498 377//498
f 378//499 62//499 379//499
f 61//500 62//500 378//500
f 379//501 70//501 380//501
f 62//502 70//502 379//502
f 70//503 72//503 380//503
f 380//504 72//504 381//504
f 72//505 74//505 381//505
f 381//506 74//506 382//506
f 382//507 74//507 383//507
f 74//508 76//508 383//508
f 76//509 97//509 383//509
f 383//510 97//510 384//510
f 97//511 94//511 384//511
f 384//512 94//512 385//512
f 94//513 88//513 385//513
f 385//514 88//514 386//514
f 88//515 78//515 386//515
f 386//516 78//516 387//516
f 78//517 80//517 387//517
f 387//518 80//518 388//518
f 80//519 84//519 388//519
f 388//520 84//520 389//520
f 84//521 90//521 389//521
f 389//522 90//522 390//522
f 90//523 99//523 390//523
f 390//524 99//524 391//524
f 99//525 102//525 391//525
f 391//526 102//526 392//526
f 102//527 114//527 392//527
f 392//528 114//528 393//528
f 114//529 77//529 393//529
f 393//530 77//530 352//530
f 113//531 104//531 394//531
f 394//532 104//532 395//532
f 395//533 101//533 396//533
f 104//534 101//534 395//534
f 396//535 98//535 397//535
f 397//536 98//536 398//536
f 101//537 98//537 396//537
f 98//538 95//538 398//538
f 398//539 92//539 399//539
f 95//540 92//540 398//540
f 399//541 89//541 400//541
f 400//542 89//542 401//542
f 92//543 89//543 399//543
f 401//544 86//544 402//544
f 89//545 86//545 401//545
f 86//546 83//546 402//546
f 402//547 81//547 403//547
f 83//548 81//548 402//548
f 403//549 79//549 404//549
f 81//550 79//550 403//550
f 404//551 82//551 405//551
f 405//552 82//552 406//552
f 79//553 82//553 404//553
f 82//554 85//554 406//554
f 85//555 87//555 406//555
f 406//556 87//556 407//556
f 87//557 91//557 407//557
f 407//558 91//558 408//558
f 408//559 91//559 409//559
f 91//560 93//560 409//560
f 93//561 96//561 409//561
f 409//562 96//562 410//562
f 410//563 96//563 411//563
f 96//564 100//564 411//564
f 411//565 100//565 412//565
f 100//566 103//566 412//566
f 103//567 105//567 412//567
f 412//568 105//568 413//568
f 105//569 107//569 413//569
f 413//570 107//570 414//570
f 107//571 108//571 414//571
f 414//572 108//572 415//572
f 108//573 109//573 415//573
f 415//574 109//574 416//574
f 416//575 109//575 417//575
f 109//576 110//576 417//576
f 417//577 111//577 418//577
f 110//578 111//578 417//578
f 418//579 112//579 419//579
f 419//580 112//580 394//580
f 111//581 112//581 418//581
f 112//582 113//582 394//582
f 420//583 421//583 422//583
f 119//584 421//584 420//584
f 120//585 119//585 420//585
f 118//586 421//586 119//586
f 121//587 120//587 420//587
f 117//588 421//588 118//588
f 122//589 121//589 420//589
f 123//590 122//590 420//590
f 115//591 421//591 117//591
f 423//592 123//592 420//592
f 145//593 421//593 115//593
f 294//594 123//594 423//594
f 303//595 294//595 423//595
f 302//596 303//596 423//596
f 301//597 302//597 423//597
f 116//598 145//598 115//598
f 335//599 336//599 424//599
f 337//600 424//600 336//600
f 334//601 335//601 424//601
f 338//602 424//602 337//602
f 333//603 334//603 424//603
f 339//604 423//604 424//604
f 339//605 424//605 338//605
f 332//606 333//606 424//606
f 340//607 423//607 339//607
f 341//608 423//608 340//608
f 368//609 345//609 346//609
f 368//610 346//610 347//610
f 367//611 368//611 347//611
f 367//612 347//612 348//612
f 367//613 348//613 349//613
f 369//614 342//614 343//614
f 369//615 343//615 344//615
f 369//616 344//616 345//616
f 369//617 345//617 368//617
f 366//618 367//618 349//618
f 366//619 349//619 350//619
f 366//620 350//620 351//620
f 366//621 351//621 326//621
f 370//622 341//622 342//622
f 370//623 342//623 369//623
f 365//624 366//624 326//624
f 365//625 326//625 327//625
f 365//626 327//626 328//626
f 371//627 341//627 370//627
f 371//628 423//628 341//628
f 364//629 365//629 328//629
f 364//630 328//630 329//630
f 372//631 299//631 300//631
f 372//632 300//632 301//632
f 372//633 423//633 371//633
f 372//634 301//634 423//634
f 363//635 329//635 330//635
f 363//636 364//636 329//636
f 363//637 330//637 331//637
f 373//638 297//638 299//638
f 373//639 299//639 372//639
f 362//640 363//640 331//640
f 374//641 298//641 297//641
f 374//642 297//642 373//642
f 375//643 298//643 374//643
f 376//644 298//644 375//644
f 377//645 210//645 298//645
f 377//646 298//646 376//646
f 378//647 210//647 377//647
f 425//648 331//648 332//648
f 425//649 362//649 331//649
f 425//650 358//650 359//650
f 425//651 359//651 360//651
f 425//652 360//652 361//652
f 425//653 332//653 424//653
f 425//654 361//654 362//654
f 357//655 358//655 425//655
f 379//656 210//656 378//656
f 356//657 357//657 425//657
f 380//658 210//658 379//658
f 355//659 356//659 425//659
f 381//660 210//660 380//660
f 354//661 355//661 425//661
f 382//662 210//662 381//662
f 353//663 354//663 425//663
f 383//664 210//664 382//664
f 352//665 353//665 425//665
f 404//666 387//666 388//666
f 403//667 404//667 388//667
f 405//668 387//668 404//668
f 402//669 403//669 388//669
f 402//670 388//670 389//670
f 406//671 387//671 405//671
f 401//672 402//672 389//672
f 407//673 387//673 406//673
f 407//674 386//674 387//674
f 400//675 389//675 390//675
f 400//676 401//676 389//676
f 408//677 386//677 407//677
f 399//678 400//678 390//678
f 409//679 386//679 408//679
f 409//680 385//680 386//680
f 398//681 399//681 390//681
f 410//682 385//682 409//682
f 410//683 384//683 385//683
f 397//684 398//684 390//684
f 397//685 390//685 391//685
f 411//686 384//686 410//686
f 396//687 397//687 391//687
f 396//688 391//688 392//688
f 412//689 384//689 411//689
f 412//690 383//690 384//690
f 395//691 396//691 392//691
f 209//692 412//692 413//692
f 209//693 413//693 414//693
f 209//694 414//694 415//694
f 209//695 415//695 416//695
f 209//696 416//696 417//696
f 209//697 417//697 418//697
f 209//698 418//698 419//698
f 209//699 419//699 394//699
f 209//700 395//700 392//700
f 209//701 383//701 412//701
f 209//702 352//702 425//702
f 209//703 210//703 383//703
f 209//704 392//704 393//704
f 209//705 393//705 352//705
f 209//706 394//706 395//706
f 166//707 137//707 310//707
f 310//708 137//708 307//708
f 166//709 310//709 175//709
f 175//710 311//710 179//710
f 310//711 311//711 175//711
f 179//712 313//712 183//712
f 311//713 313//713 179//713
f 183//714 314//714 189//714
f 313//715 314//715 183//715
f 189//716 312//716 193//716
f 314//717 312//717 189//717
f 193//718 426//718 197//718
f 312//719 426//719 193//719
f 426//720 315//720 197//720
f 197//721 427//721 201//721
f 315//722 427//722 197//722
f 275//723 201//723 428//723
f 428//724 201//724 427//724
f 275//725 324//725 285//725
f 428//726 324//726 275//726
f 285//727 429//727 287//727
f 287//728 429//728 291//728
f 324//729 429//729 285//729
f 429//730 430//730 291//730
f 291//731 431//731 293//731
f 293//732 431//732 289//732
f 430//733 431//733 291//733
f 431//734 432//734 289//734
f 289//735 323//735 283//735
f 432//736 323//736 289//736
f 283//737 322//737 433//737
f 323//738 322//738 283//738
f 244//739 433//739 434//739
f 434//740 433//740 322//740
f 149//741 435//741 436//741
f 154//742 436//742 437//742
f 154//743 149//743 436//743
f 158//744 154//744 437//744
f 162//745 437//745 438//745
f 162//746 438//746 439//746
f 162//747 158//747 437//747
f 165//748 162//748 439//748
f 163//749 439//749 440//749
f 163//750 165//750 439//750
f 160//751 440//751 441//751
f 160//752 441//752 442//752
f 160//753 163//753 440//753
f 156//754 160//754 442//754
f 145//755 442//755 421//755
f 145//756 156//756 442//756
f 149//757 167//757 443//757
f 149//758 443//758 435//758
f 206//759 444//759 445//759
f 199//760 445//760 446//760
f 199//761 206//761 445//761
f 195//762 446//762 447//762
f 195//763 199//763 446//763
f 191//764 195//764 447//764
f 187//765 447//765 448//765
f 187//766 191//766 447//766
f 185//767 448//767 449//767
f 185//768 449//768 450//768
f 185//769 187//769 448//769
f 181//770 185//770 450//770
f 177//771 450//771 451//771
f 177//772 181//772 450//772
f 167//773 451//773 443//773
f 167//774 177//774 451//774
f 452//775 267//775 453//775
f 452//776 453//776 454//776
f 444//777 455//777 456//777
f 206//778 452//778 455//778
f 206//779 267//779 452//779
f 206//780 455//780 444//780
f 218//781 209//781 425//781
f 218//782 425//782 457//782
f 222//783 457//783 458//783
f 222//784 218//784 457//784
f 226//785 458//785 459//785
f 226//786 222//786 458//786
f 230//787 459//787 460//787
f 230//788 226//788 459//788
f 235//789 460//789 461//789
f 235//790 230//790 460//790
f 238//791 461//791 462//791
f 238//792 235//792 461//792
f 242//793 462//793 463//793
f 242//794 463//794 464//794
f 242//795 238//795 462//795
f 248//796 242//796 464//796
f 261//797 265//797 465//797
f 261//798 465//798 466//798
f 256//799 466//799 467//799
f 256//800 261//800 466//800
f 257//801 467//801 468//801
f 257//802 256//802 467//802
f 253//803 468//803 469//803
f 253//804 257//804 468//804
f 254//805 469//805 470//805
f 254//806 470//806 471//806
f 254//807 253//807 469//807
f 259//808 254//808 471//808
f 263//809 471//809 472//809
f 263//810 259//810 471//810
f 267//811 472//811 453//811
f 267//812 263//812 472//812
f 265//813 248//813 464//813
f 265//814 464//814 465//814
f 473//815 147//815 474//815
f 474//816 146//816 475//816
f 147//817 146//817 474//817
f 146//818 148//818 475//818
f 475//819 144//819 476//819
f 148//820 144//820 475//820
f 476//821 142//821 614//821
f 614//822 142//822 477//822
f 144//823 142//823 476//823
f 477//824 140//824 478//824
f 142//825 140//825 477//825
f 140//826 138//826 478//826
f 478//827 135//827 613//827
f 138//828 135//828 478//828
f 613//829 131//829 479//829
f 479//830 131//830 480//830
f 135//831 131//831 613//831
f 480//832 127//832 481//832
f 131//833 127//833 480//833
f 127//834 124//834 481//834
f 124//835 129//835 481//835
f 481//836 129//836 482//836
f 482//837 129//837 483//837
f 129//838 133//838 483//838
f 133//839 136//839 483//839
f 483//840 136//840 484//840
f 484//841 136//841 612//841
f 136//842 139//842 612//842
f 612//843 141//843 485//843
f 139//844 141//844 612//844
f 141//845 143//845 485//845
f 485//846 143//846 486//846
f 486//847 143//847 615//847
f 143//848 150//848 615//848
f 615//849 151//849 487//849
f 487//850 151//850 488//850
f 150//851 151//851 615//851
f 151//852 152//852 488//852
f 488//853 153//853 489//853
f 152//854 153//854 488//854
f 489//855 155//855 490//855
f 490//856 155//856 491//856
f 153//857 155//857 489//857
f 155//858 159//858 491//858
f 491//859 164//859 492//859
f 159//860 164//860 491//860
f 492//861 161//861 616//861
f 164//862 161//862 492//862
f 616//863 157//863 493//863
f 161//864 157//864 616//864
f 493//865 147//865 473//865
f 157//866 147//866 493//866
f 494//867 200//867 620//867
f 200//868 196//868 620//868
f 620//869 192//869 495//869
f 196//870 192//870 620//870
f 495//871 188//871 496//871
f 192//872 188//872 495//872
f 496//873 184//873 497//873
f 497//874 184//874 498//874
f 188//875 184//875 496//875
f 184//876 180//876 498//876
f 498//877 176//877 499//877
f 180//878 176//878 498//878
f 499//879 173//879 500//879
f 176//880 173//880 499//880
f 500//881 171//881 501//881
f 501//882 171//882 502//882
f 173//883 171//883 500//883
f 171//884 169//884 502//884
f 502//885 168//885 503//885
f 169//886 168//886 502//886
f 503//887 170//887 504//887
f 168//888 170//888 503//888
f 170//889 172//889 504//889
f 504//890 172//890 617//890
f 172//891 174//891 617//891
f 617//892 174//892 505//892
f 505//893 178//893 506//893
f 174//894 178//894 505//894
f 506//895 182//895 618//895
f 178//896 182//896 506//896
f 618//897 182//897 507//897
f 182//898 186//898 507//898
f 507//899 190//899 619//899
f 186//900 190//900 507//900
f 619//901 194//901 508//901
f 508//902 194//902 509//902
f 190//903 194//903 619//903
f 194//904 198//904 509//904
f 509//905 202//905 510//905
f 198//906 202//906 509//906
f 510//907 203//907 511//907
f 511//908 203//908 512//908
f 202//909 203//909 510//909
f 512//910 204//910 513//910
f 203//911 204//911 512//911
f 204//912 205//912 513//912
f 513//913 207//913 514//913
f 205//914 207//914 513//914
f 514//915 208//915 515//915
f 515//916 208//916 494//916
f 207//917 208//917 514//917
f 208//918 200//918 494//918
f 516//919 241//919 626//919
f 626//920 237//920 517//920
f 241//921 237//921 626//921
f 237//922 234//922 517//922
f 517//923 231//923 518//923
f 234//924 231//924 517//924
f 518//925 227//925 519//925
f 519//926 227//926 520//926
f 231//927 227//927 518//927
f 520//928 223//928 623//928
f 227//929 223//929 520//929
f 223//930 219//930 623//930
f 623//931 216//931 624//931
f 219//932 216//932 623//932
f 624//933 214//933 521//933
f 521//934 214//934 621//934
f 216//935 214//935 624//935
f 621//936 212//936 522//936
f 214//937 212//937 621//937
f 212//938 211//938 522//938
f 211//939 213//939 522//939
f 522//940 213//940 523//940
f 523//941 213//941 524//941
f 213//942 215//942 524//942
f 215//943 217//943 524//943
f 524//944 217//944 525//944
f 525//945 217//945 622//945
f 217//946 221//946 622//946
f 622//947 225//947 526//947
f 221//948 225//948 622//948
f 225//949 229//949 526//949
f 526//950 229//950 527//950
f 527//951 229//951 625//951
f 229//952 232//952 625//952
f 625//953 239//953 528//953
f 528//954 239//954 529//954
f 232//955 239//955 625//955
f 239//956 243//956 529//956
f 529//957 249//957 530//957
f 243//958 249//958 529//958
f 530//959 250//959 531//959
f 531//960 250//960 532//960
f 249//961 250//961 530//961
f 250//962 251//962 532//962
f 532//963 246//963 533//963
f 251//964 246//964 532//964
f 533//965 245//965 534//965
f 246//966 245//966 533//966
f 534//967 247//967 535//967
f 245//968 247//968 534//968
f 535//969 241//969 516//969
f 247//970 241//970 535//970
f 536//971 281//971 537//971
f 281//972 280//972 537//972
f 537//973 282//973 538//973
f 280//974 282//974 537//974
f 538//975 274//975 539//975
f 282//976 274//976 538//976
f 539//977 272//977 540//977
f 540//978 272//978 541//978
f 274//979 272//979 539//979
f 272//980 270//980 541//980
f 541//981 268//981 542//981
f 270//982 268//982 541//982
f 542//983 264//983 543//983
f 268//984 264//984 542//984
f 543//985 260//985 544//985
f 544//986 260//986 545//986
f 264//987 260//987 543//987
f 260//988 255//988 545//988
f 545//989 252//989 546//989
f 255//990 252//990 545//990
f 546//991 258//991 547//991
f 252//992 258//992 546//992
f 258//993 262//993 547//993
f 547//994 262//994 627//994
f 262//995 266//995 627//995
f 627//996 266//996 628//996
f 628//997 269//997 548//997
f 266//998 269//998 628//998
f 548//999 271//999 549//999
f 269//1000 271//1000 548//1000
f 549//1001 271//1001 550//1001
f 271//1002 273//1002 550//1002
f 550//1003 276//1003 551//1003
f 273//1004 276//1004 550//1004
f 551//1005 277//1005 552//1005
f 552//1006 277//1006 553//1006
f 276//1007 277//1007 551//1007
f 277//1008 278//1008 553//1008
f 553//1009 279//1009 554//1009
f 278//1010 279//1010 553//1010
f 554//1011 286//1011 555//1011
f 555//1012 286//1012 556//1012
f 279//1013 286//1013 554//1013
f 556//1014 288//1014 557//1014
f 286//1015 288//1015 556//1015
f 288//1016 292//1016 557//1016
f 557//1017 290//1017 558//1017
f 292//1018 290//1018 557//1018
f 558//1019 284//1019 559//1019
f 559//1020 284//1020 536//1020
f 290//1021 284//1021 558//1021
f 284//1022 281//1022 536//1022
f 422//1023 439//1023 438//1023
f 422//1024 440//1024 439//1024
f 422//1025 441//1025 440//1025
f 422//1026 442//1026 441//1026
f 422//1027 421//1027 442//1027
f 443//1028 436//1028 435//1028
f 451//1029 437//1029 436//1029
f 451//1030 436//1030 443//1030
f 450//1031 438//1031 437//1031
f 450//1032 437//1032 451//1032
f 449//1033 422//1033 438//1033
f 449//1034 438//1034 450//1034
f 456//1035 445//1035 444//1035
f 456//1036 446//1036 445//1036
f 456//1037 447//1037 446//1037
f 456//1038 448//1038 447//1038
f 456//1039 449//1039 448//1039
f 456//1040 422//1040 449//1040
f 422//1041 455//1041 420//1041
f 422//1042 456//1042 455//1042
f 560//1043 420//1043 561//1043
f 562//1044 561//1044 420//1044
f 563//1045 420//1045 560//1045
f 564//1046 562//1046 420//1046
f 565//1047 420//1047 563//1047
f 566//1048 564//1048 420//1048
f 567//1049 423//1049 420//1049
f 567//1050 420//1050 565//1050
f 568//1051 566//1051 420//1051
f 569//1052 423//1052 567//1052
f 570//1053 423//1053 569//1053
f 571//1054 423//1054 570//1054
f 572//1055 423//1055 571//1055
f 573//1056 423//1056 572//1056
f 574//1057 423//1057 573//1057
f 575//1058 423//1058 574//1058
f 576//1059 577//1059 578//1059
f 576//1060 579//1060 577//1060
f 580//1061 578//1061 577//1061
f 580//1062 577//1062 581//1062
f 582//1063 583//1063 579//1063
f 582//1064 579//1064 576//1064
f 584//1065 580//1065 581//1065
f 584//1066 581//1066 568//1066
f 585//1067 583//1067 582//1067
f 585//1068 586//1068 583//1068
f 585//1069 587//1069 586//1069
f 588//1070 589//1070 587//1070
f 588//1071 587//1071 585//1071
f 590//1072 589//1072 588//1072
f 591//1073 589//1073 590//1073
f 591//1074 592//1074 589//1074
f 591//1075 593//1075 592//1075
f 594//1076 593//1076 591//1076
f 595//1077 593//1077 594//1077
f 595//1078 596//1078 593//1078
f 455//1079 584//1079 568//1079
f 455//1080 597//1080 584//1080
f 455//1081 598//1081 597//1081
f 455//1082 599//1082 598//1082
f 455//1083 600//1083 599//1083
f 455//1084 601//1084 600//1084
f 455//1085 602//1085 601//1085
f 455//1086 603//1086 602//1086
f 455//1087 604//1087 603//1087
f 455//1088 568//1088 420//1088
f 452//1089 605//1089 606//1089
f 452//1090 607//1090 604//1090
f 452//1091 608//1091 607//1091
f 452//1092 609//1092 608//1092
f 452//1093 610//1093 609//1093
f 452//1094 611//1094 610//1094
f 452//1095 606//1095 611//1095
f 452//1096 604//1096 455//1096
f 452//1097 423//1097 605//1097
f 605//1098 423//1098 595//1098
f 595//1099 423//1099 575//1099
f 595//1100 575//1100 596//1100
f 454//1101 424//1101 452//1101
f 452//1102 424//1102 423//1102
f 457//1103 425//1103 424//1103
f 458//1104 457//1104 424//1104
f 459//1105 458//1105 424//1105
f 460//1106 459//1106 424//1106
f 469//1107 424//1107 454//1107
f 469//1108 460//1108 424//1108
f 468//1109 461//1109 460//1109
f 468//1110 460//1110 469//1110
f 470//1111 469//1111 454//1111
f 467//1112 462//1112 461//1112
f 467//1113 461//1113 468//1113
f 471//1114 470//1114 454//1114
f 466//1115 463//1115 462//1115
f 466//1116 462//1116 467//1116
f 472//1117 471//1117 454//1117
f 453//1118 472//1118 454//1118
f 465//1119 464//1119 463//1119
f 465//1120 463//1120 466//1120
f 479//1121 480//1121 481//1121
f 483//1122 481//1122 482//1122
f 612//1123 483//1123 484//1123
f 612//1124 481//1124 483//1124
f 477//1125 478//1125 613//1125
f 477//1126 613//1126 479//1126
f 477//1127 479//1127 481//1127
f 485//1128 481//1128 612//1128
f 476//1129 614//1129 477//1129
f 615//1130 485//1130 486//1130
f 615//1131 481//1131 485//1131
f 475//1132 476//1132 477//1132
f 487//1133 477//1133 481//1133
f 487//1134 481//1134 615//1134
f 473//1135 474//1135 475//1135
f 491//1136 487//1136 488//1136
f 491//1137 488//1137 489//1137
f 491//1138 489//1138 490//1138
f 491//1139 477//1139 487//1139
f 491//1140 475//1140 477//1140
f 492//1141 616//1141 493//1141
f 492//1142 493//1142 473//1142
f 492//1143 473//1143 475//1143
f 492//1144 475//1144 491//1144
f 501//1145 502//1145 503//1145
f 617//1146 503//1146 504//1146
f 500//1147 501//1147 503//1147
f 618//1148 617//1148 505//1148
f 618//1149 505//1149 506//1149
f 618//1150 503//1150 617//1150
f 496//1151 497//1151 498//1151
f 496//1152 498//1152 499//1152
f 496//1153 499//1153 500//1153
f 496//1154 500//1154 503//1154
f 496//1155 503//1155 618//1155
f 508//1156 618//1156 507//1156
f 508//1157 507//1157 619//1157
f 494//1158 620//1158 495//1158
f 511//1159 508//1159 509//1159
f 511//1160 509//1160 510//1160
f 514//1161 515//1161 494//1161
f 512//1162 495//1162 496//1162
f 512//1163 496//1163 618//1163
f 512//1164 618//1164 508//1164
f 512//1165 494//1165 495//1165
f 512//1166 508//1166 511//1166
f 513//1167 514//1167 494//1167
f 513//1168 494//1168 512//1168
f 521//1169 621//1169 522//1169
f 524//1170 522//1170 523//1170
f 622//1171 524//1171 525//1171
f 622//1172 522//1172 524//1172
f 520//1173 623//1173 624//1173
f 520//1174 624//1174 521//1174
f 520//1175 521//1175 522//1175
f 526//1176 522//1176 622//1176
f 518//1177 519//1177 520//1177
f 625//1178 526//1178 527//1178
f 625//1179 522//1179 526//1179
f 517//1180 518//1180 520//1180
f 528//1181 520//1181 522//1181
f 528//1182 522//1182 625//1182
f 516//1183 626//1183 517//1183
f 532//1184 528//1184 529//1184
f 532//1185 529//1185 530//1185
f 532//1186 530//1186 531//1186
f 532//1187 520//1187 528//1187
f 532//1188 517//1188 520//1188
f 533//1189 534//1189 535//1189
f 533//1190 535//1190 516//1190
f 533//1191 516//1191 517//1191
f 533//1192 517//1192 532//1192
f 544//1193 545//1193 546//1193
f 627//1194 546//1194 547//1194
f 543//1195 544//1195 546//1195
f 549//1196 627//1196 628//1196
f 549//1197 628//1197 548//1197
f 549//1198 546//1198 627//1198
f 539//1199 540//1199 541//1199
f 539//1200 541//1200 542//1200
f 539//1201 542//1201 543//1201
f 539//1202 543//1202 546//1202
f 539//1203 546//1203 549//1203
f 552//1204 549//1204 550//1204
f 552//1205 550//1205 551//1205
f 536//1206 537//1206 538//1206
f 555//1207 552//1207 553//1207
f 555//1208 553//1208 554//1208
f 558//1209 559//1209 536//1209
f 556//1210 538//1210 539//1210
f 556//1211 539//1211 549//1211
f 556//1212 549//1212 552//1212
f 556//1213 536//1213 538//1213
f 556//1214 552//1214 555//1214
f 557//1215 558//1215 536//1215
f 557//1216 536//1216 556//1216
f 629//1217 630//1217 606//1217
f 629//1218 606//1218 605//1218
f 631//1219 605//1219 595//1219
f 631//1220 629//1220 605//1220
f 632//1221 595//1221 594//1221
f 632//1222 631//1222 595//1222
f 633//1223 594//1223 591//1223
f 633//1224 632//1224 594//1224
f 634//1225 591//1225 590//1225
f 634//1226 633//1226 591//1226
f 635//1227 590//1227 588//1227
f 635//1228 588//1228 585//1228
f 635//1229 634//1229 590//1229
f 636//1230 635//1230 585//1230
f 637//1231 585//1231 582//1231
f 637//1232 636//1232 585//1232
f 638//1233 582//1233 576//1233
f 638//1234 637//1234 582//1234
f 639//1235 576//1235 578//1235
f 639//1236 578//1236 580//1236
f 639//1237 638//1237 576//1237
f 640//1238 639//1238 580//1238
f 641//1239 640//1239 580//1239
f 641//1240 580//1240 584//1240
f 641//1241 584//1241 597//1241
f 642//1242 641//1242 597//1242
f 643//1243 597//1243 598//1243
f 643//1244 642//1244 597//1244
f 644//1245 598//1245 599//1245
f 644//1246 643//1246 598//1246
f 645//1247 599//1247 600//1247
f 645//1248 644//1248 599//1248
f 646//1249 600//1249 601//1249
f 646//1250 645//1250 600//1250
f 647//1251 601//1251 602//1251
f 647//1252 602//1252 603//1252
f 647//1253 646//1253 601//1253
f 648//1254 647//1254 603//1254
f 649//1255 603//1255 604//1255
f 649//1256 648//1256 603//1256
f 650//1257 604//1257 607//1257
f 650//1258 649//1258 604//1258
f 651//1259 607//1259 608//1259
f 651//1260 608//1260 609//1260
f 651//1261 650//1261 607//1261
f 652//1262 651//1262 609//1262
f 653//1263 609//1263 610//1263
f 653//1264 652//1264 609//1264
f 654//1265 610//1265 611//1265
f 654//1266 611//1266 606//1266
f 654//1267 653//1267 610//1267
f 630//1268 654//1268 606//1268
f 655//1269 656//1269 574//1269
f 655//1270 574//1270 573//1270
f 657//1271 573//1271 572//1271
f 657//1272 655//1272 573//1272
f 658//1273 572//1273 571//1273
f 658//1274 657//1274 572//1274
f 659//1275 571//1275 570//1275
f 659//1276 658//1276 571//1276
f 660//1277 570//1277 569//1277
f 660//1278 659//1278 570//1278
f 661//1279 569//1279 567//1279
f 661//1280 567//1280 565//1280
f 661//1281 660//1281 569//1281
f 662//1282 661//1282 565//1282
f 663//1283 565//1283 563//1283
f 663//1284 662//1284 565//1284
f 664//1285 563//1285 560//1285
f 664//1286 663//1286 563//1286
f 665//1287 560//1287 561//1287
f 665//1288 561//1288 562//1288
f 665//1289 664//1289 560//1289
f 666//1290 665//1290 562//1290
f 667//1291 666//1291 562//1291
f 667//1292 562//1292 564//1292
f 667//1293 564//1293 566//1293
f 668//1294 667//1294 566//1294
f 669//1295 566//1295 568//1295
f 669//1296 668//1296 566//1296
f 670//1297 568//1297 581//1297
f 670//1298 669//1298 568//1298
f 671//1299 581//1299 577//1299
f 671//1300 670//1300 581//1300
f 672//1301 577//1301 579//1301
f 672//1302 671//1302 577//1302
f 673//1303 579//1303 583//1303
f 673//1304 583//1304 586//1304
f 673//1305 672//1305 579//1305
f 674//1306 673//1306 586//1306
f 675//1307 586//1307 587//1307
f 675//1308 674//1308 586//1308
f 676//1309 587//1309 589//1309
f 676//1310 675//1310 587//1310
f 677//1311 589//1311 592//1311
f 677//1312 592//1312 593//1312
f 677//1313 676//1313 589//1313
f 678//1314 677//1314 593//1314
f 679//1315 593//1315 596//1315
f 679//1316 678//1316 593//1316
f 680//1317 596//1317 575//1317
f 680//1318 575//1318 574//1318
f 680//1319 679//1319 596//1319
f 656//1320 680//1320 574//1320
f 636//1321 637//1321 638//1321
f 636//1322 638//1322 639//1322
f 636//1323 639//1323 640//1323
f 643//1324 641//1324 642//1324
f 633//1325 634//1325 635//1325
f 632//1326 635//1326 636//1326
f 632//1327 636//1327 640//1327
f 632//1328 633//1328 635//1328
f 646//1329 643//1329 644//1329
f 646//1330 644//1330 645//1330
f 629//1331 631//1331 632//1331
f 648//1332 646//1332 647//1332
f 648//1333 643//1333 646//1333
f 630//1334 640//1334 641//1334
f 630//1335 632//1335 640//1335
f 630//1336 629//1336 632//1336
f 654//1337 641//1337 643//1337
f 654//1338 630//1338 641//1338
f 651//1339 648//1339 649//1339
f 651//1340 649//1340 650//1340
f 652//1341 653//1341 654//1341
f 652//1342 643//1342 648//1342
f 652//1343 654//1343 643//1343
f 652//1344 648//1344 651//1344
f 663//1345 664//1345 665//1345
f 662//1346 663//1346 665//1346
f 659//1347 660//1347 661//1347
f 671//1348 669//1348 670//1348
f 658//1349 661//1349 662//1349
f 658//1350 659//1350 661//1350
f 673//1351 671//1351 672//1351
f 655//1352 657//1352 658//1352
f 655//1353 665//1353 666//1353
f 655//1354 662//1354 665//1354
f 655//1355 658//1355 662//1355
f 656//1356 666//1356 667//1356
f 656//1357 667//1357 668//1357
f 656//1358 655//1358 666//1358
f 676//1359 674//1359 675//1359
f 679//1360 668//1360 669//1360
f 679//1361 680//1361 656//1361
f 679//1362 656//1362 668//1362
f 677//1363 673//1363 674//1363
f 677//1364 674//1364 676//1364
f 678//1365 669//1365 671//1365
f 678//1366 671//1366 673//1366
f 678//1367 679//1367 669//1367
f 678//1368 673//1368 677//1368
